"lsoa11cd","CAUTH18NM","date","lsoa11nm","Rural Urban","Qualifications: All categories: Highest level of qualification; measures: Value","Qualifications: No qualifications; measures: Value","Qualifications: Highest level of qualification: Level 1 qualifications; measures: Value","Qualifications: Highest level of qualification: Level 2 qualifications; measures: Value","Qualifications: Highest level of qualification: Apprenticeship; measures: Value","Qualifications: Highest level of qualification: Level 3 qualifications; measures: Value","Qualifications: Highest level of qualification: Level 4 qualifications and above; measures: Value","Qualifications: Highest level of qualification: Other qualifications; measures: Value","Qualifications: Schoolchildren and full-time students: Age 16 to 17; measures: Value","Qualifications: Schoolchildren and full-time students: Age 18 and over; measures: Value","Qualifications: Full-time students: Age 18 to 74: Economically active: In employment; measures: Value","Qualifications: Full-time students: Age 18 to 74: Economically active: Unemployed; measures: Value","Qualifications: Full-time students: Age 18 to 74: Economically inactive; measures: Value"
"E01007317","Sheffield City Region",2011,"Barnsley 018A","Total",1195,537,191,181,41,113,101,31,40,30,13,1,16
"E01007318","Sheffield City Region",2011,"Barnsley 018B","Total",1200,460,190,197,40,124,133,56,21,33,13,2,18
"E01007319","Sheffield City Region",2011,"Barnsley 015A","Total",1232,314,192,202,75,161,232,56,40,24,12,1,10
"E01007320","Sheffield City Region",2011,"Barnsley 018C","Total",1235,520,203,191,57,116,96,52,45,32,8,6,18
"E01007321","Sheffield City Region",2011,"Barnsley 015B","Total",1256,345,161,205,68,153,264,60,38,25,9,3,13
"E01007322","Sheffield City Region",2011,"Barnsley 015C","Total",1695,471,284,311,56,218,267,88,35,41,15,6,20
"E01007323","Sheffield City Region",2011,"Barnsley 007A","Total",1135,409,201,199,24,141,116,45,29,39,11,6,22
"E01007324","Sheffield City Region",2011,"Barnsley 007B","Total",1349,557,211,236,56,125,100,64,32,34,16,6,12
"E01007325","Sheffield City Region",2011,"Barnsley 007C","Total",1207,570,200,205,28,88,60,56,43,31,12,3,16
"E01007326","Sheffield City Region",2011,"Barnsley 007D","Total",1242,543,171,214,46,105,111,52,41,29,6,1,20
"E01007327","Sheffield City Region",2011,"Barnsley 007E","Total",1423,766,183,175,44,123,87,45,36,31,10,6,14
"E01007328","Sheffield City Region",2011,"Barnsley 006A","Total",1514,676,201,209,52,133,176,67,39,28,11,3,14
"E01007329","Sheffield City Region",2011,"Barnsley 003A","Total",1243,424,190,211,54,152,162,50,29,32,12,2,18
"E01007330","Sheffield City Region",2011,"Barnsley 006B","Total",1407,410,218,243,62,141,286,47,41,37,15,5,16
"E01007331","Sheffield City Region",2011,"Barnsley 003B","Total",1543,459,215,253,99,217,248,52,38,25,11,2,12
"E01007332","Sheffield City Region",2011,"Barnsley 006C","Total",1839,778,254,259,59,185,228,76,37,33,21,2,10
"E01007333","Sheffield City Region",2011,"Barnsley 006D","Total",994,488,135,152,22,76,84,37,31,24,11,1,11
"E01007334","Sheffield City Region",2011,"Barnsley 009A","Total",1143,290,171,219,68,153,187,55,30,29,11,3,15
"E01007335","Sheffield City Region",2011,"Barnsley 009B","Total",1257,376,187,202,66,151,217,58,28,42,21,2,19
"E01007336","Sheffield City Region",2011,"Barnsley 013A","Total",1317,369,178,230,36,129,274,101,26,61,19,10,32
"E01007337","Sheffield City Region",2011,"Barnsley 015D","Total",1452,399,239,268,55,210,201,80,25,55,20,3,32
"E01007338","Sheffield City Region",2011,"Barnsley 017A","Total",1358,729,161,154,43,101,104,66,20,26,8,8,10
"E01007339","Sheffield City Region",2011,"Barnsley 017B","Total",1221,427,192,192,34,136,141,99,23,66,15,11,40
"E01007340","Sheffield City Region",2011,"Barnsley 013B","Total",1329,372,196,243,43,189,228,58,29,50,22,6,22
"E01007341","Sheffield City Region",2011,"Barnsley 008A","Total",959,422,158,168,26,86,52,47,40,21,6,0,15
"E01007342","Sheffield City Region",2011,"Barnsley 003C","Total",1129,346,160,203,57,138,178,47,32,25,13,1,11
"E01007343","Sheffield City Region",2011,"Barnsley 003D","Total",1141,457,158,181,38,124,129,54,25,19,7,0,11
"E01007344","Sheffield City Region",2011,"Barnsley 011A","Total",1674,502,242,287,69,234,262,78,41,45,22,4,19
"E01007345","Sheffield City Region",2011,"Barnsley 008B","Total",1290,438,224,218,57,145,157,51,36,24,7,3,13
"E01007346","Sheffield City Region",2011,"Barnsley 008C","Total",1269,448,194,239,33,150,141,64,38,31,15,6,10
"E01007347","Sheffield City Region",2011,"Barnsley 008D","Total",1286,352,195,234,63,155,231,56,39,29,15,2,12
"E01007348","Sheffield City Region",2011,"Barnsley 020A","Total",1185,484,154,176,34,140,144,53,30,26,12,1,13
"E01007349","Sheffield City Region",2011,"Barnsley 020B","Total",1225,470,194,184,44,117,178,38,43,30,13,2,15
"E01007350","Sheffield City Region",2011,"Barnsley 020C","Total",1036,341,115,157,43,100,226,54,16,23,11,1,10
"E01007351","Sheffield City Region",2011,"Barnsley 020D","Total",1160,356,188,167,45,146,213,45,27,22,11,3,8
"E01007352","Sheffield City Region",2011,"Barnsley 020E","Total",1136,470,216,161,29,106,102,52,40,27,5,6,14
"E01007353","Sheffield City Region",2011,"Barnsley 020F","Total",1274,328,185,258,64,158,231,50,43,33,19,2,12
"E01007354","Sheffield City Region",2011,"Barnsley 020G","Total",1379,417,235,237,51,162,224,53,47,38,13,6,19
"E01007355","Sheffield City Region",2011,"Barnsley 005A","Total",1189,220,158,204,48,169,336,54,29,37,20,2,15
"E01007356","Sheffield City Region",2011,"Barnsley 004A","Total",1161,272,173,177,53,128,317,41,26,37,24,3,10
"E01007357","Sheffield City Region",2011,"Barnsley 004B","Total",1151,349,173,187,52,133,198,59,41,36,16,4,16
"E01007358","Sheffield City Region",2011,"Barnsley 005B","Total",1203,232,168,202,54,161,320,66,34,37,18,6,13
"E01007359","Sheffield City Region",2011,"Barnsley 005C","Total",1210,379,171,200,49,141,211,59,32,34,15,1,18
"E01007360","Sheffield City Region",2011,"Barnsley 005D","Total",1311,427,182,189,50,140,279,44,31,36,15,3,18
"E01007361","Sheffield City Region",2011,"Barnsley 004C","Total",1358,372,198,221,58,174,262,73,29,40,19,1,20
"E01007362","Sheffield City Region",2011,"Barnsley 004D","Total",1355,309,227,227,64,197,265,66,27,44,27,3,14
"E01007363","Sheffield City Region",2011,"Barnsley 004E","Total",1337,478,177,206,61,141,203,71,25,29,6,5,18
"E01007364","Sheffield City Region",2011,"Barnsley 025A","Total",1125,478,199,177,33,92,88,58,38,32,15,4,13
"E01007365","Sheffield City Region",2011,"Barnsley 025B","Total",957,379,163,145,34,101,90,45,37,17,7,3,7
"E01007366","Sheffield City Region",2011,"Barnsley 025C","Total",1635,413,240,297,90,216,296,83,33,36,15,5,16
"E01007367","Sheffield City Region",2011,"Barnsley 025D","Total",927,395,141,152,30,94,65,50,30,28,10,6,11
"E01007368","Sheffield City Region",2011,"Barnsley 025E","Total",1326,495,209,230,45,137,146,64,39,28,12,4,11
"E01007369","Sheffield City Region",2011,"Barnsley 022A","Total",1177,453,188,195,34,134,125,48,16,33,15,1,17
"E01007370","Sheffield City Region",2011,"Barnsley 022B","Total",1123,490,177,166,34,131,86,39,36,20,5,0,15
"E01007371","Sheffield City Region",2011,"Barnsley 022C","Total",1551,512,251,269,63,181,210,65,49,41,18,2,21
"E01007372","Sheffield City Region",2011,"Barnsley 014A","Total",963,472,148,117,21,85,90,30,29,25,10,2,12
"E01007373","Sheffield City Region",2011,"Barnsley 014B","Total",1239,547,219,194,38,102,84,55,38,35,9,6,20
"E01007374","Sheffield City Region",2011,"Barnsley 014C","Total",1248,451,178,209,40,136,166,68,22,36,10,4,21
"E01007375","Sheffield City Region",2011,"Barnsley 014D","Total",1398,539,207,215,71,143,167,56,43,27,9,0,16
"E01007376","Sheffield City Region",2011,"Barnsley 022D","Total",1117,410,204,182,54,99,124,44,37,26,12,0,13
"E01007377","Sheffield City Region",2011,"Barnsley 014E","Total",846,356,162,139,35,76,52,26,26,16,4,0,12
"E01007378","Sheffield City Region",2011,"Barnsley 014F","Total",1253,607,162,199,46,101,100,38,22,33,8,6,19
"E01007379","Sheffield City Region",2011,"Barnsley 012A","Total",1348,362,152,219,71,174,309,61,23,36,22,5,8
"E01007380","Sheffield City Region",2011,"Barnsley 012B","Total",1476,289,162,215,56,224,485,45,55,46,17,4,23
"E01007381","Sheffield City Region",2011,"Barnsley 012C","Total",1284,301,165,205,58,155,347,53,43,46,22,5,19
"E01007382","Sheffield City Region",2011,"Barnsley 019A","Total",1239,421,165,201,47,132,223,50,37,38,6,3,29
"E01007383","Sheffield City Region",2011,"Barnsley 019B","Total",1087,209,136,183,34,168,317,40,41,33,14,5,14
"E01007384","Sheffield City Region",2011,"Barnsley 019C","Total",1356,317,179,212,58,159,370,61,39,26,10,5,11
"E01007385","Sheffield City Region",2011,"Barnsley 019D","Total",1235,517,146,185,46,128,137,76,26,30,9,4,17
"E01007386","Sheffield City Region",2011,"Barnsley 005E","Total",1469,399,165,244,68,194,347,52,30,30,6,3,21
"E01007387","Sheffield City Region",2011,"Barnsley 012D","Total",1178,303,134,212,51,169,256,53,33,23,10,3,10
"E01007388","Sheffield City Region",2011,"Barnsley 029A","Total",1325,278,196,244,69,177,316,45,37,38,14,1,22
"E01007389","Sheffield City Region",2011,"Barnsley 030A","Total",1268,379,136,216,98,154,231,54,16,26,9,3,14
"E01007390","Sheffield City Region",2011,"Barnsley 030B","Total",1267,359,160,228,84,155,204,77,34,28,14,3,11
"E01007391","Sheffield City Region",2011,"Barnsley 030C","Total",1215,423,192,192,57,123,170,58,27,31,18,1,11
"E01007392","Sheffield City Region",2011,"Barnsley 030D","Total",1217,513,188,197,42,103,117,57,38,38,14,2,22
"E01007393","Sheffield City Region",2011,"Barnsley 029B","Total",1471,439,228,241,66,192,231,74,31,48,17,2,29
"E01007394","Sheffield City Region",2011,"Barnsley 029C","Total",1114,433,180,183,40,128,105,45,42,32,8,7,17
"E01007395","Sheffield City Region",2011,"Barnsley 030E","Total",1542,593,254,251,54,147,173,70,52,37,13,3,21
"E01007396","Sheffield City Region",2011,"Barnsley 028A","Total",1298,415,208,216,39,165,205,50,43,38,15,4,19
"E01007397","Sheffield City Region",2011,"Barnsley 028B","Total",1231,476,168,190,59,120,169,49,19,28,9,3,16
"E01007398","Sheffield City Region",2011,"Barnsley 028C","Total",1422,486,163,212,83,156,239,83,21,29,17,3,9
"E01007399","Sheffield City Region",2011,"Barnsley 028D","Total",1659,379,235,302,84,230,375,54,49,39,21,1,16
"E01007400","Sheffield City Region",2011,"Barnsley 009C","Total",1635,439,246,258,81,215,312,84,42,40,14,2,24
"E01007402","Sheffield City Region",2011,"Barnsley 011B","Total",1256,522,217,197,45,111,113,51,39,33,10,2,21
"E01007403","Sheffield City Region",2011,"Barnsley 011C","Total",1209,524,228,196,35,83,84,59,39,26,10,4,12
"E01007404","Sheffield City Region",2011,"Barnsley 009D","Total",1147,385,155,176,62,126,190,53,18,25,11,2,12
"E01007405","Sheffield City Region",2011,"Barnsley 011D","Total",1220,556,174,124,55,112,144,55,29,23,8,2,13
"E01007406","Sheffield City Region",2011,"Barnsley 009E","Total",1409,651,229,209,36,122,113,49,30,46,14,9,22
"E01007408","Sheffield City Region",2011,"Barnsley 010C","Total",1235,294,169,213,59,175,276,49,38,36,10,5,21
"E01007409","Sheffield City Region",2011,"Barnsley 010D","Total",1218,245,139,176,49,159,408,42,31,51,22,5,24
"E01007410","Sheffield City Region",2011,"Barnsley 010E","Total",1400,516,197,221,54,148,206,58,33,43,14,3,26
"E01007411","Sheffield City Region",2011,"Barnsley 007F","Total",897,425,158,144,25,68,39,38,35,34,11,3,20
"E01007413","Sheffield City Region",2011,"Barnsley 017C","Total",1011,437,155,158,32,89,87,53,24,33,12,4,17
"E01007414","Sheffield City Region",2011,"Barnsley 017D","Total",1303,456,183,222,41,151,184,66,34,47,16,3,28
"E01007415","Sheffield City Region",2011,"Barnsley 013C","Total",1234,346,158,223,63,147,264,33,32,28,16,1,11
"E01007416","Sheffield City Region",2011,"Barnsley 018D","Total",949,442,128,165,31,72,64,47,26,34,8,3,23
"E01007417","Sheffield City Region",2011,"Barnsley 013D","Total",1281,335,201,231,50,166,237,61,31,36,12,2,22
"E01007418","Sheffield City Region",2011,"Barnsley 016A","Total",1099,198,108,164,46,105,443,35,22,20,3,2,15
"E01007419","Sheffield City Region",2011,"Barnsley 016B","Total",1385,270,126,214,45,164,532,34,37,46,18,2,26
"E01007420","Sheffield City Region",2011,"Barnsley 016C","Total",1196,261,111,165,41,144,440,34,30,32,9,1,22
"E01007421","Sheffield City Region",2011,"Barnsley 027A","Total",1164,237,153,159,58,120,377,60,35,44,17,2,25
"E01007422","Sheffield City Region",2011,"Barnsley 027B","Total",1246,234,138,180,53,160,445,36,30,29,11,3,15
"E01007423","Sheffield City Region",2011,"Barnsley 027C","Total",1365,324,163,197,71,160,397,53,35,33,15,0,17
"E01007424","Sheffield City Region",2011,"Barnsley 028E","Total",1367,339,163,240,60,171,339,55,37,33,17,1,15
"E01007425","Sheffield City Region",2011,"Barnsley 016D","Total",1247,207,136,190,55,151,467,41,32,15,5,0,10
"E01007426","Sheffield City Region",2011,"Barnsley 027D","Total",1304,329,165,181,44,170,373,42,22,22,13,2,7
"E01007427","Sheffield City Region",2011,"Barnsley 024A","Total",1270,271,142,195,55,139,414,54,34,28,14,2,11
"E01007428","Sheffield City Region",2011,"Barnsley 024B","Total",1209,252,114,196,61,140,404,42,34,36,18,3,15
"E01007429","Sheffield City Region",2011,"Barnsley 024C","Total",1235,481,156,171,54,117,218,38,34,36,16,1,19
"E01007430","Sheffield City Region",2011,"Barnsley 024D","Total",1750,225,212,311,72,237,649,44,45,39,20,2,17
"E01007431","Sheffield City Region",2011,"Barnsley 024E","Total",1129,255,139,208,81,146,262,38,31,31,11,5,14
"E01007432","Sheffield City Region",2011,"Barnsley 024F","Total",1151,249,141,177,63,145,343,33,43,27,15,0,12
"E01007433","Sheffield City Region",2011,"Barnsley 002A","Total",1305,439,199,222,49,162,185,49,46,30,10,1,19
"E01007434","Sheffield City Region",2011,"Barnsley 001A","Total",1527,442,232,244,64,183,291,71,31,52,17,3,32
"E01007435","Sheffield City Region",2011,"Barnsley 001B","Total",1280,543,189,196,54,110,141,47,31,33,10,4,19
"E01007436","Sheffield City Region",2011,"Barnsley 002B","Total",1049,339,129,173,49,119,185,55,15,18,7,2,9
"E01007437","Sheffield City Region",2011,"Barnsley 002C","Total",1198,373,188,214,36,151,191,45,31,32,14,3,14
"E01007438","Sheffield City Region",2011,"Barnsley 001C","Total",1299,383,160,212,45,164,273,62,33,35,15,1,19
"E01007439","Sheffield City Region",2011,"Barnsley 001D","Total",1034,243,145,195,55,138,222,36,23,26,13,1,12
"E01007440","Sheffield City Region",2011,"Barnsley 002D","Total",1201,418,228,202,45,120,141,47,33,42,15,6,21
"E01007441","Sheffield City Region",2011,"Barnsley 013E","Total",1263,311,178,225,36,175,276,62,36,48,17,4,27
"E01007442","Sheffield City Region",2011,"Barnsley 012E","Total",1211,285,137,169,58,116,392,54,33,27,9,6,12
"E01007443","Sheffield City Region",2011,"Barnsley 013F","Total",1644,398,275,256,49,226,295,145,31,87,22,13,52
"E01007444","Sheffield City Region",2011,"Barnsley 012F","Total",1343,471,144,200,48,146,285,49,32,33,15,3,15
"E01007445","Sheffield City Region",2011,"Barnsley 013G","Total",1215,357,183,194,41,167,214,59,19,14,4,4,6
"E01007446","Sheffield City Region",2011,"Barnsley 012G","Total",1156,352,122,168,59,128,263,64,25,26,17,0,8
"E01007447","Sheffield City Region",2011,"Barnsley 023A","Total",1231,503,218,187,43,113,122,45,31,25,12,2,9
"E01007448","Sheffield City Region",2011,"Barnsley 023B","Total",1307,365,222,246,51,158,187,78,24,23,8,4,11
"E01007449","Sheffield City Region",2011,"Barnsley 023C","Total",1476,476,212,245,71,162,205,105,24,36,23,1,12
"E01007450","Sheffield City Region",2011,"Barnsley 023D","Total",1290,526,204,185,61,98,143,73,28,42,19,4,18
"E01007451","Sheffield City Region",2011,"Barnsley 026A","Total",1368,487,212,247,36,151,172,63,40,40,18,3,19
"E01007452","Sheffield City Region",2011,"Barnsley 026B","Total",1227,257,182,243,58,192,254,41,29,34,20,1,13
"E01007453","Sheffield City Region",2011,"Barnsley 026C","Total",1195,558,194,147,52,103,90,51,41,29,15,4,10
"E01007455","Sheffield City Region",2011,"Barnsley 026E","Total",1177,346,153,209,72,139,196,62,28,29,12,2,14
"E01007456","Sheffield City Region",2011,"Barnsley 029D","Total",1435,341,199,247,60,189,345,54,30,29,13,1,15
"E01007457","Sheffield City Region",2011,"Barnsley 029E","Total",1293,435,202,205,56,141,212,42,36,33,18,2,13
"E01007458","Sheffield City Region",2011,"Barnsley 021A","Total",1206,373,179,226,54,143,172,59,35,34,15,1,18
"E01007459","Sheffield City Region",2011,"Barnsley 021B","Total",1363,459,167,198,79,118,277,65,28,28,8,2,18
"E01007460","Sheffield City Region",2011,"Barnsley 021C","Total",1208,372,171,190,55,145,225,50,36,37,21,1,15
"E01007461","Sheffield City Region",2011,"Barnsley 021D","Total",1335,537,167,217,48,128,182,56,33,28,13,5,10
"E01007462","Sheffield City Region",2011,"Barnsley 021E","Total",1221,518,163,173,45,123,157,42,33,40,17,4,18
"E01007463","Sheffield City Region",2011,"Barnsley 021F","Total",1392,668,176,213,46,116,111,62,30,34,9,4,21
"E01007464","Sheffield City Region",2011,"Doncaster 009A","Total",1165,404,204,209,46,123,135,44,47,43,12,6,25
"E01007465","Sheffield City Region",2011,"Doncaster 009B","Total",1172,403,230,196,53,109,134,47,39,27,13,3,11
"E01007466","Sheffield City Region",2011,"Doncaster 009C","Total",1229,456,252,244,42,114,74,47,36,35,9,3,23
"E01007467","Sheffield City Region",2011,"Doncaster 009D","Total",1238,472,208,191,54,121,123,69,28,32,16,4,12
"E01007468","Sheffield City Region",2011,"Doncaster 005A","Total",1162,352,148,175,74,100,259,54,20,16,8,1,7
"E01007469","Sheffield City Region",2011,"Doncaster 005B","Total",1073,320,175,187,53,106,187,45,27,27,8,4,15
"E01007470","Sheffield City Region",2011,"Doncaster 005C","Total",1074,395,228,194,30,102,80,45,35,26,10,2,13
"E01007471","Sheffield City Region",2011,"Doncaster 009E","Total",1278,275,203,260,65,177,260,38,48,40,23,4,13
"E01007472","Sheffield City Region",2011,"Doncaster 005D","Total",1244,558,217,192,46,104,75,52,36,42,15,4,22
"E01007473","Sheffield City Region",2011,"Doncaster 005E","Total",1162,410,222,215,53,119,104,39,22,15,8,1,6
"E01007474","Sheffield City Region",2011,"Doncaster 005F","Total",1072,533,164,145,39,68,75,48,21,19,5,2,12
"E01007475","Sheffield City Region",2011,"Doncaster 011A","Total",1255,188,147,242,72,191,371,44,40,35,17,2,16
"E01007476","Sheffield City Region",2011,"Doncaster 011B","Total",1210,370,170,221,80,133,188,48,28,30,15,3,12
"E01007477","Sheffield City Region",2011,"Doncaster 011C","Total",1185,293,185,214,81,136,230,46,32,35,13,1,21
"E01007478","Sheffield City Region",2011,"Doncaster 011D","Total",1267,383,168,222,77,135,210,72,29,36,15,2,19
"E01007479","Sheffield City Region",2011,"Doncaster 014A","Total",1285,432,188,217,65,142,151,90,25,21,9,0,11
"E01007480","Sheffield City Region",2011,"Doncaster 014B","Total",1161,366,218,220,61,118,125,53,39,30,10,5,15
"E01007482","Sheffield City Region",2011,"Doncaster 014D","Total",1138,512,127,154,48,106,121,70,17,33,8,2,23
"E01007483","Sheffield City Region",2011,"Doncaster 017A","Total",1172,266,159,237,64,156,235,55,30,27,9,2,16
"E01007484","Sheffield City Region",2011,"Doncaster 017B","Total",1226,412,171,197,56,133,194,63,26,21,10,1,10
"E01007485","Sheffield City Region",2011,"Doncaster 017C","Total",1157,218,199,216,65,176,250,33,33,27,14,3,9
"E01007486","Sheffield City Region",2011,"Doncaster 017D","Total",1188,426,140,179,72,124,181,66,15,18,10,1,6
"E01007487","Sheffield City Region",2011,"Doncaster 002A","Total",1319,469,217,224,31,133,192,53,34,35,9,2,24
"E01007488","Sheffield City Region",2011,"Doncaster 002B","Total",1444,424,202,226,78,135,310,69,24,35,12,4,19
"E01007489","Sheffield City Region",2011,"Doncaster 002C","Total",1404,424,269,230,58,151,207,65,34,29,15,3,10
"E01007490","Sheffield City Region",2011,"Doncaster 002D","Total",1276,375,214,222,41,105,272,47,29,35,14,5,16
"E01007491","Sheffield City Region",2011,"Doncaster 002E","Total",1267,528,239,224,33,108,85,50,42,35,17,3,15
"E01007492","Sheffield City Region",2011,"Doncaster 002F","Total",1203,520,213,185,38,94,101,52,45,26,6,5,15
"E01007493","Sheffield City Region",2011,"Doncaster 002G","Total",1458,354,241,234,83,179,316,51,38,35,11,6,18
"E01007494","Sheffield City Region",2011,"Doncaster 023A","Total",1245,327,204,246,57,146,188,77,28,24,9,2,12
"E01007495","Sheffield City Region",2011,"Doncaster 028A","Total",1432,435,259,243,53,133,199,110,34,42,14,5,23
"E01007496","Sheffield City Region",2011,"Doncaster 029A","Total",1162,435,210,206,37,108,91,75,57,41,17,1,23
"E01007497","Sheffield City Region",2011,"Doncaster 029B","Total",1043,339,165,188,56,107,146,42,26,24,6,4,14
"E01007498","Sheffield City Region",2011,"Doncaster 029C","Total",1245,357,189,248,51,138,178,84,40,40,12,3,24
"E01007499","Sheffield City Region",2011,"Doncaster 029D","Total",1176,501,166,184,55,104,103,63,41,35,18,2,15
"E01007500","Sheffield City Region",2011,"Doncaster 028B","Total",1028,444,151,170,35,93,89,46,36,33,9,6,18
"E01007501","Sheffield City Region",2011,"Doncaster 029E","Total",1249,339,180,208,90,144,222,66,35,24,11,2,11
"E01007502","Sheffield City Region",2011,"Doncaster 028C","Total",2157,210,310,411,102,330,711,83,54,44,18,4,22
"E01007503","Sheffield City Region",2011,"Doncaster 029F","Total",1347,291,212,248,81,193,265,57,24,32,15,1,16
"E01007504","Sheffield City Region",2011,"Doncaster 009F","Total",1238,418,234,250,74,120,99,43,40,34,11,6,17
"E01007505","Sheffield City Region",2011,"Doncaster 013A","Total",1412,384,227,228,88,157,258,70,33,32,14,2,16
"E01007506","Sheffield City Region",2011,"Doncaster 010A","Total",1120,479,213,161,29,104,75,59,54,21,13,1,7
"E01007507","Sheffield City Region",2011,"Doncaster 009G","Total",981,405,166,170,26,77,81,56,44,32,9,1,22
"E01007508","Sheffield City Region",2011,"Doncaster 010B","Total",1239,498,230,200,46,105,88,72,34,36,12,6,18
"E01007509","Sheffield City Region",2011,"Doncaster 010C","Total",1374,568,232,212,42,130,121,69,35,33,10,4,19
"E01007510","Sheffield City Region",2011,"Doncaster 010D","Total",1294,425,236,192,63,140,179,59,36,32,17,1,14
"E01007511","Sheffield City Region",2011,"Doncaster 010E","Total",1200,499,219,181,38,109,99,55,40,29,11,1,16
"E01007512","Sheffield City Region",2011,"Doncaster 012A","Total",1341,388,209,232,73,163,204,72,37,26,12,2,12
"E01007513","Sheffield City Region",2011,"Doncaster 012B","Total",1168,425,203,152,55,139,144,50,34,27,6,5,15
"E01007514","Sheffield City Region",2011,"Doncaster 013B","Total",1190,315,218,239,52,143,148,75,20,31,11,2,18
"E01007515","Sheffield City Region",2011,"Doncaster 012C","Total",1268,457,229,209,71,116,135,51,31,31,9,3,19
"E01007516","Sheffield City Region",2011,"Doncaster 013C","Total",1108,296,198,212,85,139,141,37,42,33,18,4,11
"E01007517","Sheffield City Region",2011,"Doncaster 013D","Total",1227,361,247,227,51,147,138,56,29,35,17,3,15
"E01007518","Sheffield City Region",2011,"Doncaster 012D","Total",1212,287,189,242,74,129,245,46,38,35,18,1,16
"E01007519","Sheffield City Region",2011,"Doncaster 012E","Total",1033,322,171,205,35,127,122,51,51,27,9,2,15
"E01007520","Sheffield City Region",2011,"Doncaster 027A","Total",1207,212,160,205,51,118,406,55,31,26,13,2,11
"E01007521","Sheffield City Region",2011,"Doncaster 025A","Total",1242,244,154,209,45,141,395,54,32,38,10,3,23
"E01007522","Sheffield City Region",2011,"Doncaster 024A","Total",1291,498,183,213,34,114,185,64,34,38,11,0,27
"E01007523","Sheffield City Region",2011,"Doncaster 025B","Total",1272,245,148,216,56,154,397,56,36,41,14,2,25
"E01007524","Sheffield City Region",2011,"Doncaster 025C","Total",1364,281,178,205,53,164,436,47,34,33,12,0,18
"E01007525","Sheffield City Region",2011,"Doncaster 024B","Total",1238,444,204,200,54,114,163,59,23,31,14,1,16
"E01007526","Sheffield City Region",2011,"Doncaster 025D","Total",1368,279,156,222,62,130,461,58,39,39,11,3,25
"E01007527","Sheffield City Region",2011,"Doncaster 027B","Total",1908,189,214,319,63,234,782,107,46,72,26,5,41
"E01007528","Sheffield City Region",2011,"Doncaster 024C","Total",1110,379,166,173,52,115,160,65,24,21,10,4,7
"E01007529","Sheffield City Region",2011,"Doncaster 022A","Total",1733,592,294,341,59,137,134,176,21,46,14,4,28
"E01007530","Sheffield City Region",2011,"Doncaster 022B","Total",923,316,134,123,28,75,97,150,14,33,9,5,19
"E01007531","Sheffield City Region",2011,"Doncaster 022C","Total",1330,471,186,203,58,106,211,95,28,30,6,6,17
"E01007532","Sheffield City Region",2011,"Doncaster 023B","Total",1476,623,228,190,40,96,127,172,27,62,22,2,38
"E01007533","Sheffield City Region",2011,"Doncaster 023C","Total",1181,413,202,194,58,109,129,76,37,35,7,5,23
"E01007534","Sheffield City Region",2011,"Doncaster 028D","Total",1584,526,269,265,40,152,159,173,32,51,15,12,24
"E01007535","Sheffield City Region",2011,"Doncaster 023D","Total",1259,386,178,203,68,146,180,98,27,27,7,1,19
"E01007536","Sheffield City Region",2011,"Doncaster 032A","Total",1637,397,262,287,76,245,296,74,37,39,23,2,14
"E01007537","Sheffield City Region",2011,"Doncaster 035A","Total",1391,398,210,251,78,186,209,59,36,50,14,0,36
"E01007538","Sheffield City Region",2011,"Doncaster 035B","Total",1198,453,207,205,52,121,108,52,50,27,11,2,14
"E01007539","Sheffield City Region",2011,"Doncaster 035C","Total",1111,444,197,184,42,120,85,39,31,33,7,7,18
"E01007540","Sheffield City Region",2011,"Doncaster 035D","Total",1298,436,195,238,62,149,170,48,39,34,12,7,15
"E01007541","Sheffield City Region",2011,"Doncaster 035E","Total",1250,524,210,200,59,111,88,58,40,31,10,5,14
"E01007542","Sheffield City Region",2011,"Doncaster 032B","Total",1391,597,205,200,47,129,150,63,19,48,8,11,28
"E01007543","Sheffield City Region",2011,"Doncaster 032C","Total",1254,601,171,153,46,99,113,71,31,33,10,3,20
"E01007544","Sheffield City Region",2011,"Doncaster 032D","Total",1342,796,180,153,27,72,66,48,43,38,3,4,31
"E01007545","Sheffield City Region",2011,"Doncaster 034A","Total",1191,353,215,232,27,154,153,57,22,41,19,2,19
"E01007546","Sheffield City Region",2011,"Doncaster 033A","Total",1145,423,174,190,44,111,153,50,33,26,9,4,13
"E01007547","Sheffield City Region",2011,"Doncaster 034B","Total",1184,507,177,197,39,102,96,66,42,22,9,3,10
"E01007548","Sheffield City Region",2011,"Doncaster 034C","Total",807,328,141,141,31,55,63,48,26,16,6,3,7
"E01007549","Sheffield City Region",2011,"Doncaster 034D","Total",1192,566,178,173,32,105,90,48,36,29,7,3,19
"E01007550","Sheffield City Region",2011,"Doncaster 034E","Total",1375,608,200,202,61,128,124,52,35,35,17,2,16
"E01007551","Sheffield City Region",2011,"Doncaster 033B","Total",1383,263,195,249,98,180,346,52,33,34,17,0,17
"E01007552","Sheffield City Region",2011,"Doncaster 033C","Total",1168,260,181,182,67,149,285,44,28,28,11,0,17
"E01007553","Sheffield City Region",2011,"Doncaster 008A","Total",1451,358,179,242,77,187,358,50,47,29,13,2,14
"E01007554","Sheffield City Region",2011,"Doncaster 006A","Total",1302,307,227,239,63,179,237,50,34,21,8,1,12
"E01007555","Sheffield City Region",2011,"Doncaster 006B","Total",1158,484,194,214,47,90,93,36,28,34,8,4,20
"E01007556","Sheffield City Region",2011,"Doncaster 006C","Total",1048,430,171,202,31,95,66,53,36,20,7,2,11
"E01007557","Sheffield City Region",2011,"Doncaster 008B","Total",2593,783,587,463,88,197,243,232,23,53,13,3,36
"E01007558","Sheffield City Region",2011,"Doncaster 008C","Total",1205,322,183,224,71,140,220,45,34,30,12,1,17
"E01007559","Sheffield City Region",2011,"Doncaster 008D","Total",1035,280,152,181,66,131,178,47,29,19,9,0,10
"E01007560","Sheffield City Region",2011,"Doncaster 008E","Total",1295,364,192,232,78,133,245,51,31,27,16,1,10
"E01007561","Sheffield City Region",2011,"Doncaster 006D","Total",1208,320,141,222,73,166,234,52,29,31,16,2,13
"E01007562","Sheffield City Region",2011,"Doncaster 006E","Total",1120,345,176,196,62,142,152,47,25,26,11,2,13
"E01007563","Sheffield City Region",2011,"Doncaster 006F","Total",1042,450,173,167,33,74,87,58,36,27,5,6,16
"E01007564","Sheffield City Region",2011,"Doncaster 018A","Total",1161,434,210,209,42,96,99,71,43,48,23,9,16
"E01007565","Sheffield City Region",2011,"Doncaster 018B","Total",1248,255,152,219,68,117,344,93,40,36,19,3,14
"E01007566","Sheffield City Region",2011,"Doncaster 018C","Total",1333,543,220,212,37,126,114,81,28,42,27,2,13
"E01007567","Sheffield City Region",2011,"Doncaster 018D","Total",1076,291,162,187,35,104,221,76,24,54,16,4,34
"E01007568","Sheffield City Region",2011,"Doncaster 018E","Total",1157,428,224,208,33,101,87,76,38,55,16,3,36
"E01007569","Sheffield City Region",2011,"Doncaster 018F","Total",1251,420,224,213,34,137,136,87,40,55,29,9,17
"E01007570","Sheffield City Region",2011,"Doncaster 015A","Total",1237,303,196,195,46,143,311,43,38,16,9,1,6
"E01007571","Sheffield City Region",2011,"Doncaster 031A","Total",1308,384,229,251,50,147,178,69,42,19,4,2,13
"E01007572","Sheffield City Region",2011,"Doncaster 031B","Total",1169,359,184,208,67,115,167,69,41,31,12,1,18
"E01007573","Sheffield City Region",2011,"Doncaster 031C","Total",1190,547,183,178,27,102,81,72,46,37,9,5,23
"E01007574","Sheffield City Region",2011,"Doncaster 031D","Total",1261,491,212,244,28,114,110,62,30,43,15,5,23
"E01007575","Sheffield City Region",2011,"Doncaster 030A","Total",1093,520,187,164,38,79,61,44,32,22,10,1,11
"E01007576","Sheffield City Region",2011,"Doncaster 031E","Total",1277,368,243,241,51,155,158,61,50,34,12,3,19
"E01007577","Sheffield City Region",2011,"Doncaster 031F","Total",1234,504,210,219,32,119,89,61,33,26,5,3,18
"E01007578","Sheffield City Region",2011,"Doncaster 030B","Total",1304,480,235,222,42,136,129,60,40,38,12,8,18
"E01007579","Sheffield City Region",2011,"Doncaster 030C","Total",1245,424,254,181,50,138,150,48,29,25,9,1,15
"E01007580","Sheffield City Region",2011,"Doncaster 030D","Total",1201,428,180,174,70,124,164,61,38,24,8,2,14
"E01007581","Sheffield City Region",2011,"Doncaster 016A","Total",1274,263,186,247,91,138,302,47,48,38,17,1,19
"E01007582","Sheffield City Region",2011,"Doncaster 016B","Total",1196,241,181,248,79,167,239,41,30,21,7,1,13
"E01007583","Sheffield City Region",2011,"Doncaster 020A","Total",1252,305,160,218,64,149,309,47,36,36,13,3,19
"E01007584","Sheffield City Region",2011,"Doncaster 021A","Total",1258,278,217,216,89,165,238,55,34,34,16,2,15
"E01007585","Sheffield City Region",2011,"Doncaster 021B","Total",1282,300,190,253,83,168,236,52,37,32,11,2,19
"E01007586","Sheffield City Region",2011,"Doncaster 020B","Total",1314,295,188,207,77,148,342,57,32,31,10,4,17
"E01007587","Sheffield City Region",2011,"Doncaster 020C","Total",1350,379,192,197,60,117,341,64,18,28,12,1,15
"E01007588","Sheffield City Region",2011,"Doncaster 016C","Total",1334,367,206,274,84,174,187,42,46,31,10,5,16
"E01007589","Sheffield City Region",2011,"Doncaster 016D","Total",1432,359,218,261,105,176,262,51,38,34,13,2,19
"E01007590","Sheffield City Region",2011,"Doncaster 037A","Total",964,368,161,193,31,86,69,56,43,28,14,2,12
"E01007591","Sheffield City Region",2011,"Doncaster 036A","Total",1197,441,210,219,63,117,106,41,30,30,13,3,13
"E01007592","Sheffield City Region",2011,"Doncaster 037B","Total",1232,512,215,207,36,104,97,61,35,32,8,7,16
"E01007593","Sheffield City Region",2011,"Doncaster 037C","Total",1010,351,196,205,39,123,60,36,27,24,8,5,11
"E01007594","Sheffield City Region",2011,"Doncaster 036B","Total",1592,243,234,300,73,259,430,53,52,57,19,10,28
"E01007595","Sheffield City Region",2011,"Doncaster 037D","Total",1245,512,173,221,48,109,113,69,46,32,11,3,17
"E01007596","Sheffield City Region",2011,"Doncaster 036C","Total",1072,240,139,186,52,127,273,55,31,28,17,2,9
"E01007597","Sheffield City Region",2011,"Doncaster 037E","Total",1175,473,205,219,37,98,98,45,38,27,9,2,16
"E01007598","Sheffield City Region",2011,"Doncaster 036D","Total",1321,352,181,242,87,148,249,62,32,26,13,0,13
"E01007599","Sheffield City Region",2011,"Doncaster 026A","Total",1446,256,192,266,73,206,401,52,56,41,13,5,23
"E01007600","Sheffield City Region",2011,"Doncaster 026B","Total",1220,189,160,235,81,163,348,44,45,38,16,4,18
"E01007601","Sheffield City Region",2011,"Doncaster 026C","Total",1167,264,153,192,71,130,299,58,31,25,13,3,9
"E01007602","Sheffield City Region",2011,"Doncaster 026D","Total",1231,222,158,211,78,184,326,52,42,37,14,2,21
"E01007603","Sheffield City Region",2011,"Doncaster 026E","Total",1226,223,178,200,64,155,358,48,38,17,8,1,8
"E01007604","Sheffield City Region",2011,"Doncaster 024D","Total",1199,225,178,205,57,141,343,50,35,28,14,2,12
"E01007605","Sheffield City Region",2011,"Doncaster 027C","Total",1306,299,164,211,68,146,367,51,43,37,10,3,22
"E01007606","Sheffield City Region",2011,"Doncaster 027D","Total",1277,165,143,210,56,141,515,47,37,43,17,2,24
"E01007607","Sheffield City Region",2011,"Doncaster 025E","Total",1171,326,153,165,44,146,295,42,34,39,13,1,24
"E01007608","Sheffield City Region",2011,"Doncaster 038A","Total",1246,168,218,272,40,217,283,48,67,52,23,1,28
"E01007609","Sheffield City Region",2011,"Doncaster 038B","Total",1881,421,256,308,79,219,517,81,44,42,18,1,23
"E01007610","Sheffield City Region",2011,"Doncaster 038C","Total",1516,281,149,245,58,158,570,55,31,36,18,2,16
"E01007611","Sheffield City Region",2011,"Doncaster 039A","Total",1097,262,138,172,64,109,296,56,28,17,6,3,8
"E01007612","Sheffield City Region",2011,"Doncaster 039B","Total",1203,224,127,161,42,124,489,36,23,23,7,2,13
"E01007613","Sheffield City Region",2011,"Doncaster 033D","Total",1379,331,153,229,57,175,375,59,51,35,8,3,24
"E01007614","Sheffield City Region",2011,"Doncaster 039C","Total",1138,235,102,163,37,120,455,26,20,28,12,0,16
"E01007615","Sheffield City Region",2011,"Doncaster 039D","Total",1079,270,109,146,40,91,375,48,11,18,11,1,6
"E01007616","Sheffield City Region",2011,"Doncaster 039E","Total",1070,246,130,181,47,102,315,49,18,16,5,3,8
"E01007617","Sheffield City Region",2011,"Doncaster 021C","Total",1261,184,135,216,71,145,469,41,28,28,16,0,12
"E01007618","Sheffield City Region",2011,"Doncaster 021D","Total",1061,193,172,179,73,154,263,27,35,31,18,2,11
"E01007619","Sheffield City Region",2011,"Doncaster 021E","Total",1447,153,161,247,60,151,637,38,52,31,12,2,17
"E01007620","Sheffield City Region",2011,"Doncaster 020D","Total",1387,347,160,238,86,158,337,61,30,29,15,5,9
"E01007621","Sheffield City Region",2011,"Doncaster 007A","Total",1106,184,178,237,65,164,233,45,45,41,18,5,18
"E01007622","Sheffield City Region",2011,"Doncaster 007B","Total",1272,259,187,212,85,169,306,54,29,33,19,3,11
"E01007623","Sheffield City Region",2011,"Doncaster 007C","Total",1009,315,155,177,55,130,140,37,12,21,7,3,11
"E01007624","Sheffield City Region",2011,"Doncaster 007D","Total",1451,210,198,296,103,196,408,40,40,55,25,2,28
"E01007625","Sheffield City Region",2011,"Doncaster 004A","Total",1259,333,161,214,67,133,298,53,36,21,10,0,11
"E01007626","Sheffield City Region",2011,"Doncaster 004B","Total",1026,469,144,169,44,67,86,47,25,9,4,1,4
"E01007627","Sheffield City Region",2011,"Doncaster 004C","Total",1300,587,208,196,48,124,84,53,39,26,6,2,18
"E01007628","Sheffield City Region",2011,"Doncaster 004D","Total",1110,500,175,176,32,93,89,45,42,24,5,3,16
"E01007629","Sheffield City Region",2011,"Doncaster 004E","Total",1222,640,176,185,38,77,46,60,34,28,5,3,20
"E01007630","Sheffield City Region",2011,"Doncaster 007E","Total",1174,374,146,166,84,129,222,53,24,16,4,0,12
"E01007631","Sheffield City Region",2011,"Doncaster 007F","Total",1027,250,147,173,82,122,212,41,18,21,7,2,12
"E01007632","Sheffield City Region",2011,"Doncaster 001A","Total",1246,416,256,233,44,137,104,56,53,16,5,0,11
"E01007633","Sheffield City Region",2011,"Doncaster 001B","Total",1003,363,211,170,41,95,75,48,31,19,5,0,14
"E01007634","Sheffield City Region",2011,"Doncaster 001C","Total",1229,488,212,213,40,113,109,54,22,31,12,1,17
"E01007635","Sheffield City Region",2011,"Doncaster 001D","Total",1164,443,174,176,66,133,120,52,21,14,8,1,5
"E01007636","Sheffield City Region",2011,"Doncaster 003A","Total",1210,485,224,191,51,114,102,43,36,28,9,4,15
"E01007637","Sheffield City Region",2011,"Doncaster 003B","Total",1257,469,178,199,56,148,147,60,23,28,7,0,21
"E01007638","Sheffield City Region",2011,"Doncaster 003C","Total",1289,543,180,218,45,119,128,56,34,36,9,1,25
"E01007639","Sheffield City Region",2011,"Doncaster 003D","Total",1615,520,234,288,89,178,234,72,48,36,7,3,23
"E01007640","Sheffield City Region",2011,"Doncaster 003E","Total",1395,379,219,216,78,162,268,73,29,26,12,2,12
"E01007641","Sheffield City Region",2011,"Doncaster 003F","Total",1211,373,178,218,69,157,169,47,25,29,8,2,19
"E01007642","Sheffield City Region",2011,"Doncaster 003G","Total",1238,513,184,235,38,119,93,56,35,37,12,1,24
"E01007643","Sheffield City Region",2011,"Doncaster 022D","Total",1237,428,210,192,37,105,136,129,40,47,6,8,33
"E01007644","Sheffield City Region",2011,"Doncaster 019A","Total",1279,319,194,232,26,125,270,113,60,92,14,5,73
"E01007645","Sheffield City Region",2011,"Doncaster 022E","Total",1665,493,251,220,59,127,253,262,51,71,20,6,45
"E01007646","Sheffield City Region",2011,"Doncaster 019B","Total",1280,290,130,174,35,129,408,114,35,30,15,0,15
"E01007647","Sheffield City Region",2011,"Doncaster 019C","Total",1285,272,186,196,50,127,379,75,39,52,19,7,26
"E01007648","Sheffield City Region",2011,"Doncaster 019D","Total",1583,422,230,228,46,146,300,211,29,55,15,3,37
"E01007649","Sheffield City Region",2011,"Doncaster 019E","Total",1247,213,173,215,50,138,362,96,43,64,27,7,30
"E01007650","Sheffield City Region",2011,"Doncaster 015B","Total",1441,356,226,235,78,162,304,80,23,41,16,4,21
"E01007651","Sheffield City Region",2011,"Doncaster 015C","Total",1337,431,210,235,53,141,161,106,46,50,20,3,27
"E01007652","Sheffield City Region",2011,"Doncaster 015D","Total",1443,580,231,225,43,128,136,100,41,43,14,6,23
"E01007653","Sheffield City Region",2011,"Doncaster 015E","Total",1281,318,208,222,48,156,210,119,24,55,19,5,31
"E01007654","Sheffield City Region",2011,"Doncaster 019F","Total",1234,338,187,194,43,114,236,122,28,35,15,1,19
"E01007655","Sheffield City Region",2011,"Doncaster 022F","Total",1592,463,249,239,49,144,190,258,31,82,24,6,51
"E01007656","Sheffield City Region",2011,"Doncaster 015F","Total",1220,426,218,210,58,127,115,66,29,46,22,5,18
"E01007657","Sheffield City Region",2011,"Rotherham 029A","Total",1184,260,205,204,57,171,244,43,38,29,12,3,14
"E01007658","Sheffield City Region",2011,"Rotherham 032A","Total",1144,219,166,214,50,162,284,49,29,25,9,0,16
"E01007659","Sheffield City Region",2011,"Rotherham 029B","Total",936,218,138,176,46,134,193,31,29,15,8,2,5
"E01007660","Sheffield City Region",2011,"Rotherham 032B","Total",1035,189,201,192,56,119,247,31,28,21,11,1,9
"E01007661","Sheffield City Region",2011,"Rotherham 032C","Total",1155,227,154,202,47,137,341,47,38,37,18,3,15
"E01007662","Sheffield City Region",2011,"Rotherham 032D","Total",824,326,134,133,36,60,100,35,23,19,4,3,12
"E01007663","Sheffield City Region",2011,"Rotherham 032E","Total",1253,271,142,182,67,177,356,58,28,23,13,2,8
"E01007664","Sheffield City Region",2011,"Rotherham 032F","Total",1604,398,213,255,98,153,426,61,45,32,10,4,18
"E01007665","Sheffield City Region",2011,"Rotherham 027A","Total",1490,399,218,250,82,187,296,58,37,44,20,6,18
"E01007666","Sheffield City Region",2011,"Rotherham 026A","Total",1191,259,197,200,74,152,254,55,35,38,14,5,19
"E01007667","Sheffield City Region",2011,"Rotherham 030A","Total",1107,368,182,212,57,112,123,53,50,27,8,5,14
"E01007668","Sheffield City Region",2011,"Rotherham 030B","Total",1231,520,214,192,53,99,108,45,38,28,12,1,15
"E01007669","Sheffield City Region",2011,"Rotherham 030C","Total",1288,364,180,202,84,151,232,75,25,25,13,1,11
"E01007670","Sheffield City Region",2011,"Rotherham 030D","Total",1241,220,184,203,72,178,325,59,27,37,18,2,17
"E01007671","Sheffield City Region",2011,"Rotherham 031A","Total",1666,310,270,337,88,221,372,68,51,54,25,2,27
"E01007672","Sheffield City Region",2011,"Rotherham 030E","Total",1174,237,179,211,88,156,258,45,26,20,6,0,14
"E01007673","Sheffield City Region",2011,"Rotherham 030F","Total",1143,387,169,217,44,137,152,37,22,21,8,1,12
"E01007674","Sheffield City Region",2011,"Rotherham 031B","Total",1565,264,255,264,87,214,419,62,24,32,13,1,18
"E01007675","Sheffield City Region",2011,"Rotherham 023A","Total",1410,373,180,189,47,162,362,97,44,55,16,5,34
"E01007676","Sheffield City Region",2011,"Rotherham 025A","Total",1341,459,219,217,75,148,170,53,23,44,14,5,25
"E01007677","Sheffield City Region",2011,"Rotherham 017A","Total",1122,519,158,135,29,79,147,55,29,28,4,3,21
"E01007678","Sheffield City Region",2011,"Rotherham 023B","Total",1371,233,119,173,59,143,584,60,40,40,13,2,25
"E01007679","Sheffield City Region",2011,"Rotherham 023C","Total",1472,389,219,230,39,162,330,103,52,74,26,5,43
"E01007680","Sheffield City Region",2011,"Rotherham 023D","Total",1433,442,184,183,39,140,293,152,66,70,16,6,48
"E01007681","Sheffield City Region",2011,"Rotherham 012A","Total",1125,329,150,171,76,130,221,48,24,21,8,1,12
"E01007682","Sheffield City Region",2011,"Rotherham 019A","Total",1152,327,224,217,61,131,159,33,33,31,18,6,7
"E01007683","Sheffield City Region",2011,"Rotherham 019B","Total",1224,300,186,231,58,152,247,50,35,37,23,2,12
"E01007684","Sheffield City Region",2011,"Rotherham 022A","Total",1314,265,213,260,64,177,278,57,44,31,14,4,13
"E01007685","Sheffield City Region",2011,"Rotherham 018A","Total",1198,234,186,210,77,185,259,47,24,24,7,5,12
"E01007686","Sheffield City Region",2011,"Rotherham 019C","Total",1237,299,151,199,61,171,305,51,18,31,17,2,12
"E01007687","Sheffield City Region",2011,"Rotherham 022B","Total",1209,302,161,170,58,130,345,43,32,29,16,2,11
"E01007688","Sheffield City Region",2011,"Rotherham 019D","Total",1215,333,144,199,73,139,273,54,33,29,14,1,14
"E01007689","Sheffield City Region",2011,"Rotherham 022C","Total",1227,236,187,225,64,167,318,30,41,29,16,1,12
"E01007690","Sheffield City Region",2011,"Rotherham 022D","Total",1391,254,165,230,61,157,483,41,43,31,9,3,19
"E01007691","Sheffield City Region",2011,"Rotherham 012B","Total",1723,411,230,232,93,220,470,67,37,26,13,2,11
"E01007692","Sheffield City Region",2011,"Rotherham 012C","Total",1263,272,161,216,65,159,335,55,20,19,9,0,10
"E01007693","Sheffield City Region",2011,"Rotherham 001A","Total",1690,430,249,315,54,250,327,65,36,45,27,5,13
"E01007694","Sheffield City Region",2011,"Rotherham 001B","Total",1383,491,208,269,48,152,143,72,42,52,25,4,23
"E01007695","Sheffield City Region",2011,"Rotherham 001C","Total",1891,376,268,349,80,262,487,69,53,49,26,2,21
"E01007696","Sheffield City Region",2011,"Rotherham 007A","Total",1265,316,136,199,69,141,363,41,16,30,15,2,13
"E01007697","Sheffield City Region",2011,"Rotherham 001D","Total",1278,542,169,210,42,124,130,61,47,29,14,1,13
"E01007698","Sheffield City Region",2011,"Rotherham 001E","Total",1265,351,189,191,73,169,247,45,40,25,13,2,10
"E01007699","Sheffield City Region",2011,"Rotherham 027B","Total",1431,424,251,211,54,177,263,51,32,39,19,3,17
"E01007700","Sheffield City Region",2011,"Rotherham 027C","Total",1417,322,216,238,67,183,347,44,39,36,19,6,11
"E01007701","Sheffield City Region",2011,"Rotherham 027D","Total",1324,458,244,216,56,122,178,50,29,27,5,2,20
"E01007702","Sheffield City Region",2011,"Rotherham 025B","Total",1219,344,209,232,58,154,161,61,41,37,14,4,18
"E01007703","Sheffield City Region",2011,"Rotherham 025C","Total",1019,297,161,195,66,116,146,38,31,22,11,1,10
"E01007704","Sheffield City Region",2011,"Rotherham 025D","Total",1207,398,191,184,63,155,154,62,26,26,12,1,13
"E01007705","Sheffield City Region",2011,"Rotherham 025E","Total",1228,267,214,237,97,152,225,36,31,36,17,5,14
"E01007706","Sheffield City Region",2011,"Rotherham 027E","Total",1184,256,204,230,75,167,174,78,31,33,17,4,12
"E01007707","Sheffield City Region",2011,"Rotherham 025F","Total",1307,402,185,224,95,151,186,64,33,28,13,1,13
"E01007708","Sheffield City Region",2011,"Rotherham 021A","Total",1334,543,206,214,40,145,149,37,42,45,14,4,25
"E01007709","Sheffield City Region",2011,"Rotherham 021B","Total",1220,245,158,215,78,167,324,33,37,26,9,0,17
"E01007710","Sheffield City Region",2011,"Rotherham 021C","Total",1334,259,187,227,74,197,347,43,36,34,22,0,12
"E01007711","Sheffield City Region",2011,"Rotherham 021D","Total",1468,339,187,224,80,209,377,52,45,43,21,3,19
"E01007712","Sheffield City Region",2011,"Rotherham 023E","Total",1555,279,185,245,73,198,486,89,43,48,16,0,30
"E01007713","Sheffield City Region",2011,"Rotherham 023F","Total",1344,248,155,193,60,166,459,63,39,50,17,7,26
"E01007714","Sheffield City Region",2011,"Rotherham 017B","Total",1663,611,204,231,48,152,252,165,32,82,14,13,55
"E01007715","Sheffield City Region",2011,"Rotherham 016A","Total",1224,472,225,168,22,87,124,126,39,54,11,7,36
"E01007716","Sheffield City Region",2011,"Rotherham 016B","Total",1463,590,243,210,25,106,152,137,60,77,24,12,41
"E01007717","Sheffield City Region",2011,"Rotherham 016C","Total",1490,435,259,264,60,172,216,84,37,62,26,5,31
"E01007718","Sheffield City Region",2011,"Rotherham 016D","Total",1146,362,216,222,43,103,135,65,28,26,11,7,8
"E01007719","Sheffield City Region",2011,"Rotherham 010A","Total",971,460,136,165,30,83,70,27,26,18,4,4,10
"E01007720","Sheffield City Region",2011,"Rotherham 010B","Total",1243,429,186,171,48,122,244,43,29,19,7,1,10
"E01007721","Sheffield City Region",2011,"Rotherham 010C","Total",1251,529,191,199,43,112,120,57,35,34,10,2,21
"E01007723","Sheffield City Region",2011,"Rotherham 013A","Total",1080,440,176,198,29,103,80,54,30,37,16,5,15
"E01007724","Sheffield City Region",2011,"Rotherham 021E","Total",1156,254,147,189,55,161,304,46,29,25,12,1,12
"E01007725","Sheffield City Region",2011,"Rotherham 019E","Total",1065,246,164,198,52,128,241,36,41,32,16,2,14
"E01007726","Sheffield City Region",2011,"Rotherham 019F","Total",1231,441,215,240,41,116,133,45,26,23,5,3,15
"E01007727","Sheffield City Region",2011,"Rotherham 010D","Total",1264,579,226,180,48,110,69,52,34,35,8,3,21
"E01007728","Sheffield City Region",2011,"Rotherham 009A","Total",950,298,148,153,64,123,125,39,25,24,11,1,12
"E01007729","Sheffield City Region",2011,"Rotherham 009B","Total",1398,536,243,226,52,156,129,56,15,39,18,5,16
"E01007730","Sheffield City Region",2011,"Rotherham 009C","Total",1196,441,224,191,62,128,100,50,28,27,12,3,12
"E01007731","Sheffield City Region",2011,"Rotherham 009D","Total",1093,323,157,164,58,147,198,46,25,25,10,5,10
"E01007732","Sheffield City Region",2011,"Rotherham 009E","Total",1242,529,198,198,58,123,86,50,24,32,11,7,14
"E01007733","Sheffield City Region",2011,"Rotherham 009F","Total",1110,399,192,202,51,132,87,47,16,27,9,3,14
"E01007734","Sheffield City Region",2011,"Rotherham 021F","Total",1396,593,238,217,36,137,110,65,50,48,18,5,24
"E01007735","Sheffield City Region",2011,"Rotherham 013B","Total",1028,444,212,183,24,68,58,39,31,38,9,9,20
"E01007736","Sheffield City Region",2011,"Rotherham 014A","Total",1203,541,206,181,31,94,74,76,45,38,15,9,14
"E01007737","Sheffield City Region",2011,"Rotherham 013C","Total",1088,487,214,185,21,85,52,44,47,40,12,4,22
"E01007738","Sheffield City Region",2011,"Rotherham 013D","Total",1110,472,226,154,34,97,73,54,50,44,14,8,22
"E01007739","Sheffield City Region",2011,"Rotherham 013E","Total",1215,607,199,165,30,82,84,48,49,34,7,3,24
"E01007740","Sheffield City Region",2011,"Rotherham 011A","Total",1241,434,221,248,55,116,111,56,38,49,16,7,26
"E01007741","Sheffield City Region",2011,"Rotherham 015A","Total",1327,346,220,197,106,161,215,82,28,29,12,4,13
"E01007742","Sheffield City Region",2011,"Rotherham 015B","Total",1158,346,190,194,62,136,179,51,39,42,14,2,26
"E01007743","Sheffield City Region",2011,"Rotherham 015C","Total",1099,227,156,219,68,185,188,56,31,40,25,1,14
"E01007744","Sheffield City Region",2011,"Rotherham 015D","Total",1287,374,203,227,64,169,192,58,36,24,10,4,10
"E01007745","Sheffield City Region",2011,"Rotherham 015E","Total",1238,424,206,223,49,157,122,57,30,34,16,3,15
"E01007746","Sheffield City Region",2011,"Rotherham 015F","Total",1242,313,250,228,59,157,162,73,38,50,21,7,22
"E01007747","Sheffield City Region",2011,"Rotherham 031C","Total",1055,385,180,191,44,117,98,40,34,30,11,3,16
"E01007748","Sheffield City Region",2011,"Rotherham 033A","Total",1258,298,214,213,85,114,287,47,32,26,11,0,15
"E01007749","Sheffield City Region",2011,"Rotherham 033B","Total",1443,293,202,262,62,204,370,50,38,29,11,2,16
"E01007750","Sheffield City Region",2011,"Rotherham 031D","Total",1275,360,166,209,45,153,292,50,29,33,15,1,16
"E01007751","Sheffield City Region",2011,"Rotherham 033C","Total",1520,334,263,269,41,207,337,69,39,37,15,1,21
"E01007752","Sheffield City Region",2011,"Rotherham 033D","Total",1231,238,162,231,61,149,348,42,25,22,14,1,7
"E01007753","Sheffield City Region",2011,"Rotherham 033E","Total",1283,363,183,200,62,126,311,38,42,30,14,2,14
"E01007754","Sheffield City Region",2011,"Rotherham 018B","Total",1121,183,214,217,57,168,249,33,41,31,14,1,16
"E01007755","Sheffield City Region",2011,"Rotherham 018C","Total",1145,238,169,223,64,172,235,44,28,29,12,4,13
"E01007756","Sheffield City Region",2011,"Rotherham 018D","Total",1222,262,206,229,55,145,273,52,46,25,12,4,9
"E01007757","Sheffield City Region",2011,"Rotherham 020A","Total",1364,398,227,241,67,182,174,75,34,32,12,5,15
"E01007758","Sheffield City Region",2011,"Rotherham 020B","Total",1063,374,158,180,43,133,121,54,29,28,12,1,14
"E01007759","Sheffield City Region",2011,"Rotherham 020C","Total",1215,481,209,195,45,128,101,56,35,31,8,2,21
"E01007760","Sheffield City Region",2011,"Rotherham 020D","Total",1360,515,260,239,35,138,104,69,45,39,8,5,26
"E01007761","Sheffield City Region",2011,"Rotherham 018E","Total",1305,436,222,241,55,137,159,55,51,25,8,3,14
"E01007762","Sheffield City Region",2011,"Rotherham 018F","Total",1237,383,170,226,66,111,223,58,33,32,15,3,13
"E01007763","Sheffield City Region",2011,"Rotherham 020E","Total",1250,476,214,195,37,139,129,60,28,34,10,1,21
"E01007764","Sheffield City Region",2011,"Rotherham 020F","Total",1258,528,212,216,33,114,104,51,52,27,7,4,16
"E01007765","Sheffield City Region",2011,"Rotherham 014B","Total",1237,321,188,222,49,138,211,108,37,44,16,4,24
"E01007766","Sheffield City Region",2011,"Rotherham 014C","Total",1107,439,191,207,33,88,80,69,48,44,20,2,22
"E01007767","Sheffield City Region",2011,"Rotherham 017C","Total",1371,448,174,194,44,143,282,86,33,46,7,4,35
"E01007768","Sheffield City Region",2011,"Rotherham 014D","Total",1456,642,231,177,27,98,155,126,58,58,17,15,25
"E01007769","Sheffield City Region",2011,"Rotherham 017D","Total",1229,569,146,142,14,79,102,177,40,62,15,6,40
"E01007770","Sheffield City Region",2011,"Rotherham 014E","Total",1345,480,233,215,37,129,150,101,45,60,24,6,30
"E01007771","Sheffield City Region",2011,"Rotherham 006A","Total",1180,337,189,220,58,151,166,59,22,17,7,2,8
"E01007772","Sheffield City Region",2011,"Rotherham 006B","Total",1067,401,164,186,35,121,121,39,25,24,11,2,11
"E01007773","Sheffield City Region",2011,"Rotherham 006C","Total",1136,452,208,218,26,107,95,30,26,31,8,7,16
"E01007774","Sheffield City Region",2011,"Rotherham 006D","Total",1159,384,237,208,50,144,94,42,30,33,13,3,17
"E01007775","Sheffield City Region",2011,"Rotherham 008A","Total",988,445,188,150,30,81,55,39,37,20,5,7,8
"E01007776","Sheffield City Region",2011,"Rotherham 008B","Total",1206,397,201,219,35,141,153,60,33,34,13,3,18
"E01007777","Sheffield City Region",2011,"Rotherham 004A","Total",1290,467,193,193,53,149,174,61,30,26,12,2,12
"E01007778","Sheffield City Region",2011,"Rotherham 005A","Total",1256,276,203,259,65,156,263,34,60,47,23,2,22
"E01007779","Sheffield City Region",2011,"Rotherham 005B","Total",1051,446,175,161,34,86,104,45,12,22,9,4,8
"E01007780","Sheffield City Region",2011,"Rotherham 005C","Total",1206,402,181,242,64,112,149,56,36,18,6,4,8
"E01007781","Sheffield City Region",2011,"Rotherham 005D","Total",1218,439,196,209,47,154,119,54,40,48,19,5,22
"E01007782","Sheffield City Region",2011,"Rotherham 005E","Total",1152,404,217,198,39,128,111,55,43,45,16,2,26
"E01007783","Sheffield City Region",2011,"Rotherham 008C","Total",1402,542,218,214,57,143,167,61,29,25,12,2,10
"E01007784","Sheffield City Region",2011,"Rotherham 008D","Total",1411,422,250,254,38,173,210,64,31,34,15,4,15
"E01007785","Sheffield City Region",2011,"Rotherham 029C","Total",1073,249,170,210,38,123,229,54,38,33,18,3,11
"E01007786","Sheffield City Region",2011,"Rotherham 029D","Total",1006,308,135,159,43,116,209,36,22,13,5,1,6
"E01007787","Sheffield City Region",2011,"Rotherham 028A","Total",2277,456,354,390,86,304,597,90,54,49,24,2,23
"E01007788","Sheffield City Region",2011,"Rotherham 028B","Total",1246,315,183,198,58,145,305,42,28,21,11,1,8
"E01007789","Sheffield City Region",2011,"Rotherham 028C","Total",1307,448,200,223,32,136,199,69,27,25,9,0,16
"E01007790","Sheffield City Region",2011,"Rotherham 029E","Total",1187,518,185,191,28,104,114,47,23,27,8,4,15
"E01007791","Sheffield City Region",2011,"Rotherham 029F","Total",1061,403,198,193,27,96,106,38,37,18,2,4,12
"E01007792","Sheffield City Region",2011,"Rotherham 028D","Total",1090,142,177,232,49,161,297,32,67,40,16,2,22
"E01007793","Sheffield City Region",2011,"Rotherham 004B","Total",1163,387,187,198,51,125,160,55,36,35,15,5,15
"E01007794","Sheffield City Region",2011,"Rotherham 004C","Total",1080,382,180,175,36,120,133,54,39,27,9,0,18
"E01007795","Sheffield City Region",2011,"Rotherham 004D","Total",1256,285,188,215,65,167,288,48,32,22,13,3,6
"E01007796","Sheffield City Region",2011,"Rotherham 003A","Total",927,401,148,147,31,86,79,35,18,17,8,2,7
"E01007797","Sheffield City Region",2011,"Rotherham 003B","Total",1125,352,198,188,53,140,138,56,22,43,13,6,24
"E01007798","Sheffield City Region",2011,"Rotherham 003C","Total",1079,279,156,209,67,136,188,44,27,19,7,3,9
"E01007799","Sheffield City Region",2011,"Rotherham 003D","Total",1165,406,173,199,48,126,167,46,37,23,7,2,14
"E01007800","Sheffield City Region",2011,"Rotherham 003E","Total",1247,388,181,205,50,155,211,57,18,28,15,1,12
"E01007801","Sheffield City Region",2011,"Rotherham 007B","Total",1241,212,199,214,65,167,341,43,38,38,23,4,11
"E01007802","Sheffield City Region",2011,"Rotherham 007C","Total",1150,218,171,189,71,151,309,41,27,43,21,1,21
"E01007803","Sheffield City Region",2011,"Rotherham 007D","Total",1082,275,154,212,60,150,191,40,38,26,11,4,11
"E01007804","Sheffield City Region",2011,"Rotherham 011B","Total",1184,464,208,197,49,118,96,52,41,36,18,4,14
"E01007805","Sheffield City Region",2011,"Rotherham 011C","Total",1146,470,186,198,35,110,99,48,31,27,10,1,16
"E01007806","Sheffield City Region",2011,"Rotherham 011D","Total",975,320,216,185,33,115,69,37,28,38,16,2,20
"E01007807","Sheffield City Region",2011,"Rotherham 011E","Total",1155,319,215,224,62,144,136,55,44,35,13,4,18
"E01007808","Sheffield City Region",2011,"Rotherham 007E","Total",1257,162,174,227,90,195,369,40,37,41,19,4,18
"E01007809","Sheffield City Region",2011,"Rotherham 026B","Total",1259,523,223,180,43,121,108,61,33,31,12,3,15
"E01007810","Sheffield City Region",2011,"Rotherham 026C","Total",1564,498,235,269,66,186,252,58,54,45,14,2,29
"E01007811","Sheffield City Region",2011,"Rotherham 024A","Total",1143,263,153,173,67,160,269,58,34,31,15,2,14
"E01007812","Sheffield City Region",2011,"Rotherham 024B","Total",1026,365,164,158,51,111,134,43,30,35,16,1,18
"E01007813","Sheffield City Region",2011,"Rotherham 024C","Total",1100,263,159,183,58,141,260,36,28,31,15,3,13
"E01007814","Sheffield City Region",2011,"Rotherham 024D","Total",939,211,129,145,58,105,261,30,23,25,10,1,13
"E01007815","Sheffield City Region",2011,"Rotherham 026D","Total",1355,458,226,241,61,141,182,46,33,36,10,2,23
"E01007816","Sheffield City Region",2011,"Rotherham 002A","Total",1302,384,183,225,49,148,260,53,42,42,20,4,18
"E01007817","Sheffield City Region",2011,"Rotherham 002B","Total",1176,406,165,192,49,130,191,43,31,27,12,1,14
"E01007818","Sheffield City Region",2011,"Rotherham 003F","Total",1338,313,180,204,72,168,351,50,34,42,19,5,18
"E01007819","Sheffield City Region",2011,"Rotherham 002C","Total",1256,327,115,209,50,172,312,71,29,31,12,5,14
"E01007820","Sheffield City Region",2011,"Rotherham 002D","Total",1157,300,192,222,36,180,191,36,29,30,11,5,14
"E01007821","Sheffield City Region",2011,"Rotherham 002E","Total",1312,444,159,212,38,145,264,50,34,33,16,4,13
"E01007822","Sheffield City Region",2011,"Rotherham 002F","Total",1235,501,157,187,48,114,173,55,29,21,6,3,11
"E01007823","Sheffield City Region",2011,"Sheffield 069A","Total",1406,366,209,217,57,161,343,53,35,37,17,3,17
"E01007824","Sheffield City Region",2011,"Sheffield 066A","Total",1129,143,139,189,40,130,453,35,38,29,12,7,10
"E01007825","Sheffield City Region",2011,"Sheffield 066B","Total",1212,191,120,173,46,132,512,38,24,25,10,2,13
"E01007826","Sheffield City Region",2011,"Sheffield 066C","Total",1196,123,158,189,49,160,481,36,45,40,17,2,21
"E01007827","Sheffield City Region",2011,"Sheffield 064A","Total",1292,233,162,219,86,136,423,33,21,30,16,5,9
"E01007828","Sheffield City Region",2011,"Sheffield 059A","Total",1359,336,184,207,54,159,377,42,37,43,15,2,26
"E01007829","Sheffield City Region",2011,"Sheffield 059B","Total",1301,197,170,200,62,168,462,42,31,33,14,5,14
"E01007830","Sheffield City Region",2011,"Sheffield 064B","Total",1327,411,152,201,75,157,286,45,31,33,11,1,21
"E01007831","Sheffield City Region",2011,"Sheffield 059C","Total",1260,216,114,180,35,179,502,34,31,45,16,4,25
"E01007832","Sheffield City Region",2011,"Sheffield 059D","Total",1249,215,167,172,51,157,447,40,26,39,18,2,19
"E01007833","Sheffield City Region",2011,"Sheffield 064C","Total",1430,367,164,220,82,148,407,42,33,45,29,1,15
"E01007834","Sheffield City Region",2011,"Sheffield 066D","Total",1353,307,135,184,56,136,487,48,29,35,21,2,12
"E01007835","Sheffield City Region",2011,"Sheffield 062A","Total",1227,376,148,212,78,156,207,50,39,27,15,3,9
"E01007836","Sheffield City Region",2011,"Sheffield 062B","Total",1355,380,200,222,83,174,242,54,30,51,28,4,19
"E01007838","Sheffield City Region",2011,"Sheffield 076A","Total",1237,356,203,231,79,153,174,41,28,31,12,7,12
"E01007839","Sheffield City Region",2011,"Sheffield 076B","Total",1297,249,227,274,78,198,224,47,34,33,14,5,14
"E01007841","Sheffield City Region",2011,"Sheffield 076C","Total",1330,329,221,250,67,204,216,43,44,31,19,3,9
"E01007842","Sheffield City Region",2011,"Sheffield 076D","Total",1286,425,205,222,70,140,178,46,52,38,16,6,16
"E01007843","Sheffield City Region",2011,"Sheffield 062C","Total",1298,523,181,191,66,145,130,62,26,34,18,0,14
"E01007846","Sheffield City Region",2011,"Sheffield 062D","Total",1238,308,180,220,85,171,223,51,46,41,22,2,17
"E01007847","Sheffield City Region",2011,"Sheffield 014A","Total",1079,390,173,151,75,113,126,51,22,24,13,0,11
"E01007848","Sheffield City Region",2011,"Sheffield 013A","Total",1314,575,200,175,54,111,145,54,44,54,16,4,34
"E01007849","Sheffield City Region",2011,"Sheffield 010A","Total",1575,466,248,273,58,183,250,97,66,88,34,12,42
"E01007850","Sheffield City Region",2011,"Sheffield 014B","Total",1293,379,209,231,93,148,171,62,34,53,24,6,23
"E01007851","Sheffield City Region",2011,"Sheffield 013B","Total",1073,345,193,178,34,119,152,52,51,61,24,9,28
"E01007852","Sheffield City Region",2011,"Sheffield 014C","Total",1216,327,209,213,67,168,170,62,42,29,12,4,13
"E01007853","Sheffield City Region",2011,"Sheffield 014D","Total",1306,368,211,245,87,146,184,65,31,50,24,5,21
"E01007854","Sheffield City Region",2011,"Sheffield 014E","Total",1198,314,224,236,38,123,184,79,46,48,18,4,26
"E01007855","Sheffield City Region",2011,"Sheffield 014F","Total",1521,369,252,245,62,206,264,123,40,51,13,10,28
"E01007856","Sheffield City Region",2011,"Sheffield 007A","Total",1021,367,206,167,38,97,105,41,43,37,13,8,16
"E01007857","Sheffield City Region",2011,"Sheffield 010B","Total",1173,476,197,190,44,94,116,56,32,33,15,3,15
"E01007858","Sheffield City Region",2011,"Sheffield 038A","Total",1190,112,78,117,27,103,733,20,23,60,24,2,33
"E01007859","Sheffield City Region",2011,"Sheffield 036A","Total",1539,26,42,82,9,777,536,67,7,966,150,106,709
"E01007860","Sheffield City Region",2011,"Sheffield 036B","Total",1393,78,48,110,5,526,593,33,17,627,173,39,415
"E01007861","Sheffield City Region",2011,"Sheffield 038B","Total",1252,91,78,134,24,118,778,29,36,55,19,5,31
"E01007862","Sheffield City Region",2011,"Sheffield 038C","Total",3995,69,74,253,9,2894,607,89,28,3247,461,364,2422
"E01007863","Sheffield City Region",2011,"Sheffield 036C","Total",1664,71,48,134,15,641,711,44,20,682,172,56,454
"E01007864","Sheffield City Region",2011,"Sheffield 036D","Total",1846,56,26,128,3,1230,384,19,5,1408,483,101,823
"E01007865","Sheffield City Region",2011,"Sheffield 038D","Total",1338,129,83,128,24,128,818,28,37,51,13,0,38
"E01007866","Sheffield City Region",2011,"Sheffield 030A","Total",1556,64,34,81,11,746,578,42,12,870,210,49,611
"E01007867","Sheffield City Region",2011,"Sheffield 030B","Total",1926,61,55,93,9,1148,512,48,11,1343,347,85,909
"E01007868","Sheffield City Region",2011,"Sheffield 030C","Total",1030,118,39,88,12,206,527,40,16,224,64,16,144
"E01007869","Sheffield City Region",2011,"Sheffield 020A","Total",1195,367,144,167,26,95,289,107,54,112,33,17,61
"E01007870","Sheffield City Region",2011,"Sheffield 019A","Total",1489,464,218,188,47,164,299,109,45,118,30,19,69
"E01007871","Sheffield City Region",2011,"Sheffield 019B","Total",1446,564,188,184,66,129,228,87,31,69,13,8,48
"E01007872","Sheffield City Region",2011,"Sheffield 020B","Total",1306,363,145,167,35,135,353,108,42,77,18,11,48
"E01007873","Sheffield City Region",2011,"Sheffield 020C","Total",1291,421,190,168,36,127,210,139,49,126,37,19,70
"E01007874","Sheffield City Region",2011,"Sheffield 022A","Total",1281,488,162,187,29,135,180,100,61,122,27,32,63
"E01007875","Sheffield City Region",2011,"Sheffield 022B","Total",1239,339,177,155,12,156,244,156,56,192,36,23,131
"E01007877","Sheffield City Region",2011,"Sheffield 022D","Total",979,360,131,137,17,87,155,92,33,72,16,4,52
"E01007878","Sheffield City Region",2011,"Sheffield 075A","Total",1387,540,251,192,42,112,172,78,32,61,15,1,45
"E01007879","Sheffield City Region",2011,"Sheffield 075B","Total",1406,342,136,126,33,262,416,91,35,288,81,19,188
"E01007881","Sheffield City Region",2011,"Sheffield 075C","Total",1280,427,181,200,48,135,208,81,34,84,31,5,48
"E01007882","Sheffield City Region",2011,"Sheffield 075D","Total",1396,275,137,177,44,256,433,74,23,283,103,24,155
"E01007883","Sheffield City Region",2011,"Sheffield 027A","Total",904,444,109,103,7,70,104,67,47,81,14,8,59
"E01007885","Sheffield City Region",2011,"Sheffield 075E","Total",1213,457,163,150,27,138,215,63,29,92,23,16,52
"E01007886","Sheffield City Region",2011,"Sheffield 075F","Total",1186,562,205,159,43,84,88,45,39,39,18,4,17
"E01007887","Sheffield City Region",2011,"Sheffield 004A","Total",1128,283,178,218,64,143,201,41,27,22,12,2,8
"E01007888","Sheffield City Region",2011,"Sheffield 003A","Total",1146,214,175,230,85,160,247,35,29,30,21,2,7
"E01007889","Sheffield City Region",2011,"Sheffield 004B","Total",2071,365,330,378,126,274,520,78,58,56,24,3,29
"E01007890","Sheffield City Region",2011,"Sheffield 004C","Total",1188,236,166,219,97,143,272,55,19,23,15,3,5
"E01007891","Sheffield City Region",2011,"Sheffield 004D","Total",1316,292,180,231,97,174,292,50,35,41,19,3,19
"E01007892","Sheffield City Region",2011,"Sheffield 003B","Total",1175,478,201,191,55,103,101,46,49,36,15,2,18
"E01007893","Sheffield City Region",2011,"Sheffield 003C","Total",1278,239,180,222,79,171,334,53,31,32,21,1,10
"E01007894","Sheffield City Region",2011,"Sheffield 004E","Total",1211,288,188,186,60,162,279,48,21,35,19,1,15
"E01007895","Sheffield City Region",2011,"Sheffield 004F","Total",1243,467,179,180,73,137,169,38,37,34,18,4,12
"E01007896","Sheffield City Region",2011,"Sheffield 004G","Total",1089,179,181,198,75,155,263,38,20,26,16,2,8
"E01007897","Sheffield City Region",2011,"Sheffield 005A","Total",1215,302,203,172,88,144,246,60,21,35,13,0,22
"E01007898","Sheffield City Region",2011,"Sheffield 003D","Total",1209,192,198,223,78,171,317,30,33,43,29,2,12
"E01007899","Sheffield City Region",2011,"Sheffield 003E","Total",1231,271,167,182,88,156,307,60,26,25,12,2,11
"E01007900","Sheffield City Region",2011,"Sheffield 003F","Total",1372,465,203,217,58,179,205,45,33,45,21,8,16
"E01007901","Sheffield City Region",2011,"Sheffield 003G","Total",1215,494,179,182,42,123,134,61,25,34,14,7,13
"E01007902","Sheffield City Region",2011,"Sheffield 027B","Total",1355,643,194,140,32,74,132,140,26,66,19,5,41
"E01007903","Sheffield City Region",2011,"Sheffield 018A","Total",1201,409,186,161,45,106,170,124,66,60,22,11,27
"E01007904","Sheffield City Region",2011,"Sheffield 018B","Total",1242,630,161,138,25,103,98,87,48,75,21,19,35
"E01007905","Sheffield City Region",2011,"Sheffield 027C","Total",1185,396,170,175,18,114,188,124,63,102,17,13,71
"E01007906","Sheffield City Region",2011,"Sheffield 027D","Total",1394,551,223,162,32,94,204,128,61,112,25,10,77
"E01007907","Sheffield City Region",2011,"Sheffield 032A","Total",1238,383,211,165,62,139,197,81,70,63,21,12,29
"E01007908","Sheffield City Region",2011,"Sheffield 032B","Total",1226,291,217,231,70,159,208,50,30,39,15,5,19
"E01007909","Sheffield City Region",2011,"Sheffield 032C","Total",1633,391,239,282,86,224,343,68,36,59,32,5,22
"E01007910","Sheffield City Region",2011,"Sheffield 037A","Total",1320,482,184,196,66,148,186,58,25,47,12,6,29
"E01007911","Sheffield City Region",2011,"Sheffield 032D","Total",1162,285,186,184,78,153,213,63,32,25,13,2,10
"E01007912","Sheffield City Region",2011,"Sheffield 037B","Total",1293,399,202,210,80,152,190,60,31,39,21,4,14
"E01007913","Sheffield City Region",2011,"Sheffield 018C","Total",1002,379,171,105,12,90,130,115,37,70,15,7,47
"E01007914","Sheffield City Region",2011,"Sheffield 018D","Total",1047,414,153,124,11,113,124,108,39,94,24,9,61
"E01007915","Sheffield City Region",2011,"Sheffield 071A","Total",1162,127,118,170,46,125,538,38,21,33,24,2,7
"E01007916","Sheffield City Region",2011,"Sheffield 069B","Total",1156,440,209,184,40,116,120,47,20,27,9,1,16
"E01007917","Sheffield City Region",2011,"Sheffield 071B","Total",1236,262,140,202,40,120,419,53,27,32,19,0,12
"E01007918","Sheffield City Region",2011,"Sheffield 071C","Total",1338,174,144,179,27,127,658,29,33,38,14,2,22
"E01007919","Sheffield City Region",2011,"Sheffield 069C","Total",1241,436,241,213,45,115,145,46,34,46,19,1,26
"E01007920","Sheffield City Region",2011,"Sheffield 068A","Total",1380,142,134,209,18,154,682,41,39,45,9,0,36
"E01007921","Sheffield City Region",2011,"Sheffield 068B","Total",1330,216,111,177,29,132,626,39,35,35,16,1,18
"E01007922","Sheffield City Region",2011,"Sheffield 071D","Total",1164,123,133,186,44,122,530,26,45,32,21,0,11
"E01007923","Sheffield City Region",2011,"Sheffield 068C","Total",1480,203,132,197,52,150,689,57,38,37,14,2,21
"E01007924","Sheffield City Region",2011,"Sheffield 071E","Total",1260,266,139,181,48,127,451,48,30,25,10,1,14
"E01007925","Sheffield City Region",2011,"Sheffield 068D","Total",1329,221,133,186,49,132,552,56,34,29,15,1,13
"E01007926","Sheffield City Region",2011,"Sheffield 068E","Total",1410,181,126,189,42,134,689,49,41,32,13,1,17
"E01007927","Sheffield City Region",2011,"Sheffield 055A","Total",1361,147,95,156,26,144,754,39,52,30,12,1,17
"E01007928","Sheffield City Region",2011,"Sheffield 055B","Total",1411,131,96,173,27,116,829,39,46,49,11,3,35
"E01007929","Sheffield City Region",2011,"Sheffield 055C","Total",1278,104,87,161,26,129,733,38,38,51,30,1,20
"E01007930","Sheffield City Region",2011,"Sheffield 055D","Total",1152,82,82,160,23,96,665,44,43,45,20,1,24
"E01007931","Sheffield City Region",2011,"Sheffield 047A","Total",1283,123,91,137,29,105,760,38,37,38,19,2,17
"E01007932","Sheffield City Region",2011,"Sheffield 055E","Total",1148,151,96,142,30,122,569,38,60,20,8,1,10
"E01007933","Sheffield City Region",2011,"Sheffield 068F","Total",1328,122,123,208,23,127,698,27,66,49,22,3,24
"E01007934","Sheffield City Region",2011,"Sheffield 047B","Total",1116,104,100,134,33,126,582,37,26,28,10,0,18
"E01007935","Sheffield City Region",2011,"Sheffield 047C","Total",1167,56,58,123,11,210,693,16,20,189,66,12,111
"E01007936","Sheffield City Region",2011,"Sheffield 047D","Total",1278,83,84,144,29,144,771,23,22,110,45,10,55
"E01007937","Sheffield City Region",2011,"Sheffield 047E","Total",1118,113,94,157,31,120,585,18,48,45,20,2,22
"E01007938","Sheffield City Region",2011,"Sheffield 047F","Total",1165,121,95,159,32,110,614,34,34,38,24,1,13
"E01007939","Sheffield City Region",2011,"Sheffield 055F","Total",1246,144,78,155,23,126,686,34,42,30,13,1,16
"E01007940","Sheffield City Region",2011,"Sheffield 022E","Total",1174,414,175,158,21,106,207,93,56,100,23,7,70
"E01007941","Sheffield City Region",2011,"Sheffield 015A","Total",1291,582,175,165,58,92,158,61,33,49,15,6,26
"E01007942","Sheffield City Region",2011,"Sheffield 020D","Total",1282,412,213,156,25,102,251,123,56,117,27,18,72
"E01007943","Sheffield City Region",2011,"Sheffield 019C","Total",1318,601,214,198,46,89,113,57,27,33,13,0,20
"E01007944","Sheffield City Region",2011,"Sheffield 022F","Total",1317,500,193,148,25,97,216,138,46,112,26,23,63
"E01007945","Sheffield City Region",2011,"Sheffield 015B","Total",1377,537,227,207,49,122,166,69,42,49,13,4,32
"E01007946","Sheffield City Region",2011,"Sheffield 015C","Total",1129,415,220,205,32,110,92,55,29,20,5,3,12
"E01007947","Sheffield City Region",2011,"Sheffield 013C","Total",1306,662,191,154,46,73,114,66,28,55,12,7,36
"E01007948","Sheffield City Region",2011,"Sheffield 013D","Total",1210,487,207,160,32,103,132,89,46,84,20,10,54
"E01007949","Sheffield City Region",2011,"Sheffield 020E","Total",1115,361,143,153,32,101,209,116,41,77,26,12,39
"E01007950","Sheffield City Region",2011,"Sheffield 015D","Total",1095,414,172,208,37,107,100,57,32,36,16,3,17
"E01007951","Sheffield City Region",2011,"Sheffield 029A","Total",1334,191,95,158,33,196,624,37,35,149,45,8,96
"E01007952","Sheffield City Region",2011,"Sheffield 033A","Total",1277,147,98,183,45,131,632,41,40,49,21,0,26
"E01007953","Sheffield City Region",2011,"Sheffield 033B","Total",1393,279,143,185,44,116,564,62,26,31,9,4,17
"E01007954","Sheffield City Region",2011,"Sheffield 033C","Total",1293,128,104,169,45,134,685,28,51,54,24,2,28
"E01007955","Sheffield City Region",2011,"Sheffield 041A","Total",1110,105,74,138,18,101,650,24,37,40,14,3,23
"E01007956","Sheffield City Region",2011,"Sheffield 041B","Total",1750,205,127,218,36,150,957,57,56,57,28,2,26
"E01007957","Sheffield City Region",2011,"Sheffield 041C","Total",1277,120,87,149,34,117,734,36,32,47,15,4,28
"E01007958","Sheffield City Region",2011,"Sheffield 041D","Total",1184,92,53,137,22,104,744,32,28,33,11,4,18
"E01007959","Sheffield City Region",2011,"Sheffield 041E","Total",1165,96,72,133,24,99,715,26,42,30,15,1,14
"E01007960","Sheffield City Region",2011,"Sheffield 029B","Total",1373,160,96,138,42,272,624,41,20,291,69,20,197
"E01007961","Sheffield City Region",2011,"Sheffield 033D","Total",1200,175,105,147,40,132,566,35,48,47,19,6,22
"E01007962","Sheffield City Region",2011,"Sheffield 029C","Total",1342,217,59,80,22,372,547,45,11,474,112,25,337
"E01007963","Sheffield City Region",2011,"Sheffield 045A","Total",1232,372,197,205,94,129,185,50,27,24,8,4,12
"E01007964","Sheffield City Region",2011,"Sheffield 049A","Total",1274,394,191,207,70,135,215,62,23,24,9,2,13
"E01007965","Sheffield City Region",2011,"Sheffield 044A","Total",1506,626,218,203,75,126,193,65,38,37,14,9,14
"E01007966","Sheffield City Region",2011,"Sheffield 049B","Total",1286,376,222,201,63,167,209,48,49,47,26,5,16
"E01007967","Sheffield City Region",2011,"Sheffield 045B","Total",1353,518,220,195,75,148,139,58,27,34,13,6,15
"E01007968","Sheffield City Region",2011,"Sheffield 049C","Total",1129,450,186,186,48,87,131,41,35,43,10,5,28
"E01007969","Sheffield City Region",2011,"Sheffield 044B","Total",1332,421,173,223,71,146,233,65,32,30,15,3,12
"E01007970","Sheffield City Region",2011,"Sheffield 049D","Total",1416,691,202,175,59,129,103,57,18,30,9,3,14
"E01007971","Sheffield City Region",2011,"Sheffield 037C","Total",1116,404,157,160,54,137,157,47,35,25,9,1,15
"E01007972","Sheffield City Region",2011,"Sheffield 044C","Total",1217,286,206,226,102,165,173,59,28,28,12,4,12
"E01007973","Sheffield City Region",2011,"Sheffield 037D","Total",1234,328,177,197,89,151,240,52,28,29,12,2,14
"E01007974","Sheffield City Region",2011,"Sheffield 044D","Total",1163,222,193,218,68,202,212,48,49,36,15,3,18
"E01007975","Sheffield City Region",2011,"Sheffield 051A","Total",1339,436,149,158,47,137,339,73,24,52,24,1,27
"E01007976","Sheffield City Region",2011,"Sheffield 051B","Total",1253,339,140,162,64,126,376,46,24,35,11,4,20
"E01007977","Sheffield City Region",2011,"Sheffield 051C","Total",1296,510,194,189,51,120,140,92,27,58,14,8,36
"E01007978","Sheffield City Region",2011,"Sheffield 053A","Total",1367,184,118,183,20,171,638,53,34,91,49,3,39
"E01007979","Sheffield City Region",2011,"Sheffield 051D","Total",1219,466,191,141,36,195,124,66,39,152,18,25,109
"E01007980","Sheffield City Region",2011,"Sheffield 053B","Total",1247,159,128,131,32,152,596,49,24,55,20,4,31
"E01007981","Sheffield City Region",2011,"Sheffield 053C","Total",1168,155,135,138,36,130,518,56,27,57,22,2,33
"E01007982","Sheffield City Region",2011,"Sheffield 054A","Total",1415,410,233,232,61,145,274,60,53,60,24,8,28
"E01007983","Sheffield City Region",2011,"Sheffield 053D","Total",1207,161,140,187,31,157,486,45,32,50,25,3,22
"E01007984","Sheffield City Region",2011,"Sheffield 064D","Total",1177,240,154,181,73,182,319,28,30,34,16,1,17
"E01007985","Sheffield City Region",2011,"Sheffield 053E","Total",1280,237,171,198,61,153,416,44,29,43,19,5,19
"E01007986","Sheffield City Region",2011,"Sheffield 059E","Total",1149,209,156,144,51,144,403,42,20,33,13,2,18
"E01007987","Sheffield City Region",2011,"Sheffield 016A","Total",1195,162,167,200,47,146,437,36,46,50,20,5,25
"E01007988","Sheffield City Region",2011,"Sheffield 016B","Total",1251,259,170,199,67,153,358,45,41,30,16,2,12
"E01007989","Sheffield City Region",2011,"Sheffield 016C","Total",1180,214,132,190,49,165,396,34,29,40,23,3,13
"E01007990","Sheffield City Region",2011,"Sheffield 021A","Total",1233,351,150,198,60,139,282,53,25,27,15,0,11
"E01007991","Sheffield City Region",2011,"Sheffield 016D","Total",1172,336,194,217,56,121,205,43,41,57,25,8,24
"E01007992","Sheffield City Region",2011,"Sheffield 021B","Total",1319,269,157,204,60,161,433,35,36,42,21,1,20
"E01007993","Sheffield City Region",2011,"Sheffield 021C","Total",1335,407,206,244,67,152,214,45,31,52,21,2,29
"E01007994","Sheffield City Region",2011,"Sheffield 021D","Total",1156,160,138,195,51,156,420,36,32,34,14,1,19
"E01007995","Sheffield City Region",2011,"Sheffield 017A","Total",1236,182,162,206,48,164,431,43,21,53,13,5,35
"E01007996","Sheffield City Region",2011,"Sheffield 021E","Total",1286,324,170,213,62,128,324,65,25,34,18,3,13
"E01007997","Sheffield City Region",2011,"Sheffield 025A","Total",1219,316,187,226,72,145,237,36,27,39,20,5,14
"E01007998","Sheffield City Region",2011,"Sheffield 025B","Total",1371,521,207,210,63,125,173,72,22,23,6,4,12
"E01007999","Sheffield City Region",2011,"Sheffield 045C","Total",1157,284,194,210,89,164,159,57,30,27,18,0,9
"E01008000","Sheffield City Region",2011,"Sheffield 052A","Total",1297,468,208,222,58,146,161,34,28,42,17,7,18
"E01008001","Sheffield City Region",2011,"Sheffield 052B","Total",1253,438,197,182,78,148,150,60,33,29,17,1,11
"E01008002","Sheffield City Region",2011,"Sheffield 054B","Total",1338,364,193,196,80,153,293,59,22,26,10,0,16
"E01008003","Sheffield City Region",2011,"Sheffield 054C","Total",1217,345,200,207,79,154,191,41,20,48,22,2,24
"E01008004","Sheffield City Region",2011,"Sheffield 052C","Total",1313,502,200,215,70,110,176,40,34,36,9,5,21
"E01008005","Sheffield City Region",2011,"Sheffield 052D","Total",1326,387,207,233,85,150,226,38,32,31,18,3,10
"E01008006","Sheffield City Region",2011,"Sheffield 054D","Total",1181,358,139,203,72,144,205,60,21,23,12,0,11
"E01008007","Sheffield City Region",2011,"Sheffield 060A","Total",1392,606,192,202,69,117,146,60,36,40,12,4,23
"E01008008","Sheffield City Region",2011,"Sheffield 045D","Total",1353,605,200,173,55,118,135,67,38,45,23,3,18
"E01008009","Sheffield City Region",2011,"Sheffield 045E","Total",1092,474,183,170,38,90,82,55,36,38,11,6,21
"E01008010","Sheffield City Region",2011,"Sheffield 052E","Total",1131,413,205,178,45,129,117,44,24,49,15,13,21
"E01008011","Sheffield City Region",2011,"Sheffield 039A","Total",1171,502,212,152,28,94,111,72,36,43,16,6,21
"E01008012","Sheffield City Region",2011,"Sheffield 039B","Total",1620,599,217,224,35,173,279,93,38,97,25,19,52
"E01008013","Sheffield City Region",2011,"Sheffield 039C","Total",890,353,146,147,26,66,102,50,19,33,8,4,19
"E01008014","Sheffield City Region",2011,"Sheffield 032E","Total",1272,575,153,151,59,127,133,74,28,44,6,7,30
"E01008015","Sheffield City Region",2011,"Sheffield 039D","Total",1284,577,210,174,47,108,95,73,30,47,15,4,28
"E01008016","Sheffield City Region",2011,"Sheffield 032F","Total",1189,415,177,183,66,157,121,70,29,66,28,3,35
"E01008017","Sheffield City Region",2011,"Sheffield 039E","Total",1262,620,192,138,50,109,100,53,35,66,23,8,35
"E01008018","Sheffield City Region",2011,"Sheffield 039F","Total",1004,461,191,124,39,66,71,52,27,23,5,2,16
"E01008019","Sheffield City Region",2011,"Sheffield 065A","Total",1476,398,261,274,74,171,237,61,40,48,26,6,15
"E01008020","Sheffield City Region",2011,"Sheffield 065B","Total",1206,306,208,229,69,177,181,36,24,30,18,2,10
"E01008021","Sheffield City Region",2011,"Sheffield 072A","Total",1197,173,161,207,67,190,353,46,49,44,27,2,15
"E01008022","Sheffield City Region",2011,"Sheffield 065C","Total",1210,422,218,216,55,102,127,70,25,43,12,7,24
"E01008023","Sheffield City Region",2011,"Sheffield 072B","Total",1686,207,245,308,75,289,498,64,44,41,28,6,7
"E01008024","Sheffield City Region",2011,"Sheffield 072C","Total",1423,388,228,233,72,195,255,52,32,28,13,2,13
"E01008025","Sheffield City Region",2011,"Sheffield 072D","Total",1632,387,261,275,70,211,380,48,35,36,19,1,16
"E01008027","Sheffield City Region",2011,"Sheffield 065D","Total",1235,378,195,240,52,144,187,39,31,21,12,1,8
"E01008028","Sheffield City Region",2011,"Sheffield 056A","Total",1269,412,249,204,61,149,149,45,34,33,14,5,14
"E01008029","Sheffield City Region",2011,"Sheffield 056B","Total",1150,448,193,170,57,111,112,59,40,28,13,2,12
"E01008030","Sheffield City Region",2011,"Sheffield 063A","Total",1157,270,171,202,53,164,252,45,22,32,19,2,11
"E01008031","Sheffield City Region",2011,"Sheffield 061A","Total",1202,390,187,178,50,145,201,51,33,36,19,3,14
"E01008032","Sheffield City Region",2011,"Sheffield 056C","Total",1158,389,205,180,61,129,146,48,26,19,7,0,12
"E01008033","Sheffield City Region",2011,"Sheffield 061B","Total",1156,273,176,193,79,138,242,55,23,37,15,7,15
"E01008034","Sheffield City Region",2011,"Sheffield 056D","Total",1403,355,197,249,55,216,288,43,69,60,24,3,33
"E01008035","Sheffield City Region",2011,"Sheffield 063B","Total",999,162,168,171,49,144,261,44,41,29,11,4,14
"E01008036","Sheffield City Region",2011,"Sheffield 063C","Total",1173,149,211,218,81,194,286,34,45,35,21,0,14
"E01008037","Sheffield City Region",2011,"Sheffield 065E","Total",1238,504,176,201,65,107,126,59,17,32,13,4,15
"E01008038","Sheffield City Region",2011,"Sheffield 061C","Total",1376,409,162,241,98,162,236,68,30,32,20,1,11
"E01008039","Sheffield City Region",2011,"Sheffield 065F","Total",1167,292,168,189,71,142,247,58,36,22,12,1,9
"E01008040","Sheffield City Region",2011,"Sheffield 061D","Total",1381,249,237,268,56,158,366,47,39,39,20,2,17
"E01008041","Sheffield City Region",2011,"Sheffield 063D","Total",1176,142,189,264,61,209,278,33,36,54,29,3,22
"E01008042","Sheffield City Region",2011,"Sheffield 050A","Total",1289,241,140,133,17,128,578,52,25,86,38,2,46
"E01008043","Sheffield City Region",2011,"Sheffield 046A","Total",1377,136,111,163,23,126,767,51,38,54,17,4,33
"E01008044","Sheffield City Region",2011,"Sheffield 046B","Total",1246,184,92,162,25,122,594,67,40,75,19,8,46
"E01008045","Sheffield City Region",2011,"Sheffield 050B","Total",1098,165,94,116,17,107,549,50,35,73,29,5,39
"E01008046","Sheffield City Region",2011,"Sheffield 050C","Total",1321,181,142,137,25,168,604,64,24,88,36,10,41
"E01008047","Sheffield City Region",2011,"Sheffield 046C","Total",1407,60,53,125,21,497,628,23,15,497,190,40,265
"E01008048","Sheffield City Region",2011,"Sheffield 046D","Total",1375,70,54,136,5,423,651,36,20,452,171,41,240
"E01008049","Sheffield City Region",2011,"Sheffield 050D","Total",1404,202,78,140,34,178,732,40,25,135,51,13,71
"E01008050","Sheffield City Region",2011,"Sheffield 046E","Total",1269,78,62,116,19,232,744,18,17,249,102,20,127
"E01008051","Sheffield City Region",2011,"Sheffield 050E","Total",1420,218,124,118,21,158,705,76,28,108,38,18,52
"E01008052","Sheffield City Region",2011,"Sheffield 050F","Total",1521,113,92,121,14,146,989,46,30,82,33,6,42
"E01008053","Sheffield City Region",2011,"Sheffield 006A","Total",1031,400,170,188,49,91,107,26,28,28,7,4,17
"E01008054","Sheffield City Region",2011,"Sheffield 007B","Total",985,365,179,162,39,98,94,48,37,38,11,4,23
"E01008055","Sheffield City Region",2011,"Sheffield 007C","Total",1098,391,227,182,43,115,95,45,40,41,11,4,25
"E01008056","Sheffield City Region",2011,"Sheffield 006B","Total",1168,419,236,208,43,114,88,60,34,28,13,3,12
"E01008057","Sheffield City Region",2011,"Sheffield 007D","Total",1090,409,172,194,37,102,123,53,34,22,9,2,10
"E01008058","Sheffield City Region",2011,"Sheffield 006C","Total",1239,379,196,206,71,139,198,50,32,31,14,3,14
"E01008059","Sheffield City Region",2011,"Sheffield 010C","Total",1131,470,201,165,46,96,105,48,34,29,12,4,12
"E01008060","Sheffield City Region",2011,"Sheffield 010D","Total",1063,403,180,174,36,105,108,57,34,31,12,4,14
"E01008061","Sheffield City Region",2011,"Sheffield 011A","Total",1183,405,215,214,53,105,130,61,36,42,12,7,23
"E01008062","Sheffield City Region",2011,"Sheffield 013E","Total",1180,529,142,154,30,140,100,85,51,71,16,10,45
"E01008063","Sheffield City Region",2011,"Sheffield 011B","Total",1296,422,203,211,73,123,214,50,33,33,13,4,16
"E01008064","Sheffield City Region",2011,"Sheffield 028A","Total",1536,90,57,110,17,597,611,54,20,710,151,56,503
"E01008065","Sheffield City Region",2011,"Sheffield 026A","Total",1533,545,200,181,31,170,299,107,27,247,44,20,182
"E01008066","Sheffield City Region",2011,"Sheffield 028B","Total",1542,80,30,85,9,928,373,37,4,1064,239,64,761
"E01008067","Sheffield City Region",2011,"Sheffield 030D","Total",1636,94,38,77,4,1078,315,30,6,1248,350,60,838
"E01008068","Sheffield City Region",2011,"Sheffield 026B","Total",2471,332,213,189,22,723,729,263,28,1478,175,103,1200
"E01008069","Sheffield City Region",2011,"Sheffield 028C","Total",1519,101,48,87,14,728,511,30,9,839,200,43,596
"E01008072","Sheffield City Region",2011,"Sheffield 026C","Total",1238,377,137,125,28,150,352,69,29,156,40,14,102
"E01008073","Sheffield City Region",2011,"Sheffield 030E","Total",1542,213,92,111,12,520,534,60,19,567,135,27,405
"E01008074","Sheffield City Region",2011,"Sheffield 028D","Total",1315,90,50,86,17,434,616,22,21,469,126,34,309
"E01008075","Sheffield City Region",2011,"Sheffield 060B","Total",1086,387,182,193,31,119,112,62,29,82,20,11,51
"E01008076","Sheffield City Region",2011,"Sheffield 060C","Total",1058,417,183,188,59,80,84,47,24,35,13,3,19
"E01008077","Sheffield City Region",2011,"Sheffield 060D","Total",1208,433,197,220,51,122,135,50,31,34,14,5,15
"E01008078","Sheffield City Region",2011,"Sheffield 064E","Total",1172,264,153,162,60,126,375,32,30,37,16,2,19
"E01008079","Sheffield City Region",2011,"Sheffield 064F","Total",1006,165,120,171,65,119,336,30,31,21,6,0,15
"E01008080","Sheffield City Region",2011,"Sheffield 069D","Total",1224,281,175,205,61,149,299,54,38,53,31,2,20
"E01008081","Sheffield City Region",2011,"Sheffield 070A","Total",1264,438,215,228,45,130,139,69,32,35,9,6,20
"E01008082","Sheffield City Region",2011,"Sheffield 070B","Total",1231,479,207,190,65,113,115,62,23,27,17,6,4
"E01008083","Sheffield City Region",2011,"Sheffield 070C","Total",1191,454,230,199,41,117,99,51,34,39,14,11,13
"E01008084","Sheffield City Region",2011,"Sheffield 070D","Total",1259,464,217,215,46,134,123,60,27,49,17,7,25
"E01008085","Sheffield City Region",2011,"Sheffield 009A","Total",1097,461,202,168,62,70,101,33,37,29,13,5,11
"E01008086","Sheffield City Region",2011,"Sheffield 009B","Total",1029,380,183,187,42,95,96,46,30,25,9,2,14
"E01008087","Sheffield City Region",2011,"Sheffield 012A","Total",1313,366,232,201,70,154,249,41,29,43,26,3,14
"E01008088","Sheffield City Region",2011,"Sheffield 012B","Total",1227,373,175,216,66,153,189,55,34,25,10,3,12
"E01008089","Sheffield City Region",2011,"Sheffield 017B","Total",1246,389,220,187,43,137,203,67,48,71,27,15,28
"E01008090","Sheffield City Region",2011,"Sheffield 012C","Total",1262,531,237,183,37,121,113,40,28,40,12,3,25
"E01008091","Sheffield City Region",2011,"Sheffield 017C","Total",1232,207,213,229,56,187,306,34,32,52,25,4,23
"E01008092","Sheffield City Region",2011,"Sheffield 012D","Total",1171,500,208,193,40,92,97,41,20,30,6,5,19
"E01008093","Sheffield City Region",2011,"Sheffield 017D","Total",1251,281,187,196,54,156,327,50,20,49,25,4,19
"E01008094","Sheffield City Region",2011,"Sheffield 019D","Total",886,376,139,123,46,68,76,58,19,22,9,3,10
"E01008095","Sheffield City Region",2011,"Sheffield 043A","Total",1359,299,133,152,19,301,380,75,16,343,122,52,169
"E01008096","Sheffield City Region",2011,"Sheffield 043B","Total",1711,615,211,244,52,202,268,119,49,179,36,31,112
"E01008097","Sheffield City Region",2011,"Sheffield 043C","Total",1258,533,203,202,36,97,123,64,40,42,14,7,21
"E01008098","Sheffield City Region",2011,"Sheffield 048A","Total",1172,523,199,170,37,99,78,66,45,67,16,6,44
"E01008099","Sheffield City Region",2011,"Sheffield 051E","Total",1331,266,149,173,41,212,428,62,25,127,29,45,53
"E01008100","Sheffield City Region",2011,"Sheffield 048B","Total",976,436,155,162,30,72,70,51,36,36,11,8,16
"E01008101","Sheffield City Region",2011,"Sheffield 043D","Total",1440,525,213,164,57,101,298,82,24,52,21,8,22
"E01008102","Sheffield City Region",2011,"Sheffield 048C","Total",896,402,148,130,26,108,51,31,22,62,15,6,41
"E01008103","Sheffield City Region",2011,"Sheffield 048D","Total",1057,471,178,170,36,82,73,47,36,43,15,8,20
"E01008104","Sheffield City Region",2011,"Sheffield 036E","Total",1359,124,57,92,18,532,477,59,20,630,155,79,396
"E01008105","Sheffield City Region",2011,"Sheffield 040A","Total",3066,214,141,289,10,1507,714,191,40,2012,463,277,1271
"E01008107","Sheffield City Region",2011,"Sheffield 040C","Total",1273,291,116,130,18,230,402,86,25,262,81,26,155
"E01008108","Sheffield City Region",2011,"Sheffield 042A","Total",1711,223,126,163,19,446,615,119,30,604,203,91,309
"E01008109","Sheffield City Region",2011,"Sheffield 042B","Total",1734,329,150,151,30,500,465,109,30,620,188,91,341
"E01008111","Sheffield City Region",2011,"Sheffield 040D","Total",1550,128,82,119,14,676,486,45,23,746,295,59,392
"E01008112","Sheffield City Region",2011,"Sheffield 042D","Total",1339,306,123,116,20,149,498,127,24,259,74,38,147
"E01008113","Sheffield City Region",2011,"Sheffield 042E","Total",1385,227,120,126,12,167,632,101,39,178,54,22,102
"E01008114","Sheffield City Region",2011,"Sheffield 074A","Total",2238,272,153,225,11,916,486,175,35,1346,280,128,938
"E01008115","Sheffield City Region",2011,"Sheffield 074B","Total",1685,136,93,111,12,803,443,87,14,1115,264,102,749
"E01008116","Sheffield City Region",2011,"Sheffield 009C","Total",1029,469,174,163,30,85,67,41,36,30,10,2,18
"E01008117","Sheffield City Region",2011,"Sheffield 009D","Total",982,466,166,133,27,82,59,49,32,26,14,2,9
"E01008118","Sheffield City Region",2011,"Sheffield 009E","Total",1122,482,191,154,54,103,96,42,27,35,16,1,18
"E01008119","Sheffield City Region",2011,"Sheffield 009F","Total",936,435,155,133,33,70,73,37,35,29,16,1,12
"E01008122","Sheffield City Region",2011,"Sheffield 012E","Total",983,448,180,148,28,77,71,31,27,34,14,4,14
"E01008123","Sheffield City Region",2011,"Sheffield 015E","Total",987,380,201,159,39,81,78,49,26,33,14,4,14
"E01008124","Sheffield City Region",2011,"Sheffield 012F","Total",1093,412,215,182,36,101,104,43,27,39,15,11,12
"E01008125","Sheffield City Region",2011,"Sheffield 009G","Total",1186,492,162,197,44,112,120,59,34,17,6,2,9
"E01008126","Sheffield City Region",2011,"Sheffield 008A","Total",1296,253,159,190,88,188,360,58,37,39,18,7,14
"E01008128","Sheffield City Region",2011,"Sheffield 008C","Total",1427,238,180,226,65,160,508,50,29,28,13,4,11
"E01008129","Sheffield City Region",2011,"Sheffield 023A","Total",1166,263,110,148,81,149,376,39,32,41,19,5,17
"E01008130","Sheffield City Region",2011,"Sheffield 023B","Total",1272,361,122,183,62,151,339,54,42,29,14,0,13
"E01008131","Sheffield City Region",2011,"Sheffield 023C","Total",1301,250,198,229,72,179,330,43,36,50,29,2,19
"E01008132","Sheffield City Region",2011,"Sheffield 023D","Total",1162,166,143,191,58,163,409,32,36,41,30,1,10
"E01008133","Sheffield City Region",2011,"Sheffield 023E","Total",1322,416,151,192,75,145,297,46,32,27,15,2,10
"E01008134","Sheffield City Region",2011,"Sheffield 005B","Total",1162,300,151,147,58,142,318,46,27,33,16,3,14
"E01008135","Sheffield City Region",2011,"Sheffield 005C","Total",1483,362,209,230,81,195,358,48,33,53,25,6,22
"E01008136","Sheffield City Region",2011,"Sheffield 008D","Total",1097,286,147,175,57,114,283,35,25,22,11,2,9
"E01008137","Sheffield City Region",2011,"Sheffield 005D","Total",1254,275,150,196,69,139,384,41,39,24,14,2,8
"E01008138","Sheffield City Region",2011,"Sheffield 006D","Total",1087,405,162,163,74,78,167,38,17,28,11,5,12
"E01008139","Sheffield City Region",2011,"Sheffield 006E","Total",1328,413,190,202,81,155,244,43,26,29,17,5,7
"E01008140","Sheffield City Region",2011,"Sheffield 008E","Total",1491,359,189,206,48,168,469,52,28,46,21,5,20
"E01008141","Sheffield City Region",2011,"Sheffield 005E","Total",1327,269,147,207,75,177,413,39,29,28,16,4,6
"E01008142","Sheffield City Region",2011,"Sheffield 002A","Total",1160,302,173,217,51,166,211,40,32,41,19,3,19
"E01008143","Sheffield City Region",2011,"Sheffield 002B","Total",1327,292,187,236,49,180,330,53,23,32,16,5,11
"E01008144","Sheffield City Region",2011,"Sheffield 001A","Total",1344,305,206,266,66,183,270,48,28,15,3,1,11
"E01008145","Sheffield City Region",2011,"Sheffield 001B","Total",1232,420,180,211,62,143,167,49,30,26,12,6,8
"E01008146","Sheffield City Region",2011,"Sheffield 002C","Total",1084,154,127,190,78,177,319,39,34,15,9,0,6
"E01008147","Sheffield City Region",2011,"Sheffield 002D","Total",1218,266,126,187,76,148,370,45,26,32,22,1,9
"E01008148","Sheffield City Region",2011,"Sheffield 001C","Total",1237,360,194,229,68,133,195,58,30,32,13,4,15
"E01008149","Sheffield City Region",2011,"Sheffield 001D","Total",1240,291,182,251,67,186,217,46,40,33,23,1,9
"E01008150","Sheffield City Region",2011,"Sheffield 001E","Total",1191,365,168,215,37,153,187,66,25,23,8,5,10
"E01008151","Sheffield City Region",2011,"Sheffield 024A","Total",1368,135,95,119,27,262,698,32,18,250,69,11,170
"E01008152","Sheffield City Region",2011,"Sheffield 025C","Total",1192,291,139,158,68,145,347,44,27,24,9,3,12
"E01008153","Sheffield City Region",2011,"Sheffield 024B","Total",1452,252,144,135,48,135,703,35,23,102,36,5,61
"E01008154","Sheffield City Region",2011,"Sheffield 024C","Total",1418,301,115,160,57,119,622,44,23,78,32,4,41
"E01008155","Sheffield City Region",2011,"Sheffield 024D","Total",1333,225,126,133,30,161,624,34,23,183,47,11,125
"E01008156","Sheffield City Region",2011,"Sheffield 024E","Total",1263,207,143,142,66,167,509,29,23,47,16,1,30
"E01008157","Sheffield City Region",2011,"Sheffield 026D","Total",1348,591,125,166,43,127,228,68,21,71,17,11,43
"E01008158","Sheffield City Region",2011,"Sheffield 025D","Total",1262,407,166,189,52,138,267,43,20,47,15,3,29
"E01008159","Sheffield City Region",2011,"Sheffield 029D","Total",1325,181,88,125,44,149,699,39,17,132,47,5,80
"E01008160","Sheffield City Region",2011,"Sheffield 024F","Total",1194,266,138,167,50,141,393,39,17,52,18,5,28
"E01008161","Sheffield City Region",2011,"Sheffield 026E","Total",1426,328,169,212,56,199,424,38,25,53,14,3,36
"E01032550","Sheffield City Region",2011,"Barnsley 010G","Total",2209,691,371,382,81,273,318,93,69,58,25,6,26
"E01032551","Sheffield City Region",2011,"Barnsley 010H","Total",2053,494,252,335,102,276,515,79,61,68,23,8,37
"E01032585","Sheffield City Region",2011,"Sheffield 072E","Total",1238,307,196,175,71,143,301,45,20,22,16,2,4
"E01032924","Sheffield City Region",2011,"Barnsley 026F","Total",1189,198,174,247,37,189,292,52,39,32,15,1,16
"E01032925","Sheffield City Region",2011,"Barnsley 026G","Total",1124,381,153,209,42,101,194,44,31,21,12,2,7
"E01032926","Sheffield City Region",2011,"Rotherham 012E","Total",1247,141,202,239,41,219,375,30,38,26,13,1,12
"E01032927","Sheffield City Region",2011,"Rotherham 012F","Total",1169,280,191,225,44,175,209,45,52,34,20,2,12
"E01033259","Sheffield City Region",2011,"Doncaster 014E","Total",1261,199,178,253,39,185,332,75,24,19,9,2,8
"E01033260","Sheffield City Region",2011,"Doncaster 014F","Total",1225,278,199,253,55,138,222,80,41,22,9,1,12
"E01033261","Sheffield City Region",2011,"Sheffield 073A","Total",1723,51,75,90,4,668,614,221,1,1308,216,69,1023
"E01033262","Sheffield City Region",2011,"Sheffield 073B","Total",1716,71,116,125,5,508,613,278,28,1069,180,46,843
"E01033263","Sheffield City Region",2011,"Sheffield 073C","Total",1184,68,78,93,4,274,602,65,7,444,81,26,337
"E01033264","Sheffield City Region",2011,"Sheffield 073D","Total",1450,16,51,101,5,569,641,67,2,774,202,67,505
"E01033265","Sheffield City Region",2011,"Sheffield 074C","Total",1284,57,43,104,5,555,448,72,3,740,163,79,498
"E01033266","Sheffield City Region",2011,"Sheffield 074D","Total",1533,43,76,100,6,683,510,115,12,1087,196,61,830
"E01033267","Sheffield City Region",2011,"Sheffield 074E","Total",1366,21,52,109,6,686,403,89,0,1029,186,98,745
"E01033268","Sheffield City Region",2011,"Sheffield 075G","Total",1961,518,180,210,48,564,357,84,23,624,186,65,373
"E01033269","Sheffield City Region",2011,"Sheffield 022G","Total",1269,485,206,131,10,104,171,162,59,132,26,22,84
"E01033270","Sheffield City Region",2011,"Sheffield 022H","Total",1266,237,114,119,16,147,524,109,28,215,53,14,146
"E01033271","Sheffield City Region",2011,"Sheffield 040E","Total",1124,320,128,120,19,129,285,123,18,191,37,9,145
"E01033272","Sheffield City Region",2011,"Sheffield 040F","Total",1029,168,80,76,11,176,462,56,12,164,61,20,83
"E01033273","Sheffield City Region",2011,"Sheffield 042F","Total",2272,200,105,192,21,1089,493,172,15,1548,390,202,956
"E01033274","Sheffield City Region",2011,"Sheffield 042G","Total",2356,38,60,158,5,1581,432,82,5,1872,465,340,1067
"E01033275","Sheffield City Region",2011,"Sheffield 008F","Total",1226,121,129,194,41,161,545,35,29,67,29,11,27
"E01033276","Sheffield City Region",2011,"Sheffield 073E","Total",2882,63,179,156,15,1139,867,463,8,2557,321,174,2062
"E01033277","Sheffield City Region",2011,"Sheffield 011E","Total",1727,729,322,280,54,142,128,72,60,57,18,6,32
"E01033278","Sheffield City Region",2011,"Sheffield 076E","Total",1953,768,327,318,99,188,183,70,40,44,15,9,20
"E01033279","Sheffield City Region",2011,"Sheffield 076F","Total",1917,831,327,306,71,161,144,77,44,45,16,6,23
"E01033280","Sheffield City Region",2011,"Sheffield 008G","Total",1303,213,163,207,59,166,467,28,48,39,17,2,20
